10524345	10529164	ENSG00000294541
10736171	10736283	U2
10742050	10753085	ENSG00000301473
10752636	10754413	ENSG00000301496
10939388	10961338	FRG1FP
10941695	10961693	ENSG00000303605
11066268	11068174	ENSG00000279973
11124337	11125705	ACTR3BP7
11146119	11147823	ENSG00000294022
11249809	11249959	5_8S_rRNA
11474744	11479643	ZNF73P
11707145	11955470	ENSG00000290397
11832287	11974294	ENSG00000310416
11883602	11904000	ENSG00000286406
12038112	12056544	ENSG00000296155
12097900	12219507	ENSG00000298316
12099178	12167106	ENSG00000298334
12279848	12281130	ENSG00000307720
12298622	12309789	ENSG00000300120
12602041	12629211	ENSG00000310236
12602466	12626642	FRG1GP
12694810	12696637	ENSG00000297508
12800736	12813586	ENSG00000302854
15273855	15273961	U6
15282557	15288670	ENSG00000280341
15290718	15297196	ENSG00000236235
15298378	15304556	ENSG00000279442
15326037	15343065	ZNF72BP
15349467	15350043	BNIP3P2
15489990	15492564	YME1L1P1
15509869	15523382	ENSG00000300982
15516999	15564470	ENSG00000300957
15528192	15529139	OR11H1
15541436	15578006	ENSG00000237299
15550904	15553838	ARHGAP42P3
15557577	15625205	ENSG00000230471
15562017	15564276	USP10P3
15572089	15573265	SSBP3P3
15588361	15588478	ENSG00000230643
15603386	15610273	ENSG00000300998
15611759	15613096	NEK2P2
15615402	15615578	ENSG00000226474
15622601	15632051	NF1P6
15635180	15644330	MED15P7
15690026	15721631	POTEH
15699361	15703403	POTEH-AS1
15701459	15701565	RNU6-816P
15721486	15722608	ENSG00000241838
15741297	15779680	PSLNR
15749156	15750825	GRAMD4P2
15784886	15877449	DUXAP8
15794901	15797909	ENSG00000271127
15805263	15821063	ENSG00000290415
15805847	15806503	BMS1P22
15826566	15827187	DUXAP8
15852990	15893942	NBEAP3
15854195	15855243	TOMM40P2
15901791	15901911	ENSG00000229286
15914721	15915800	ENSG00000233866
16141767	16141872	U6
16387694	16390887	ABCD1P4
16405330	16405417	ENSG00000226160
16423943	16426031	PABPC1P9
16428947	16476870	SLC9B1P4
16486985	16488322	ACTR3BP6
16503304	16509475	CHEK2P4
16521059	16527237	ENSG00000273362
16572027	16574637	ENSG00000233995
16575363	16582707	KCNMB3P1
16577898	16602748	ENSG00000290416
16590751	16592810	CCT8L2
16592895	16600112	ENSG00000287285
16595065	16599834	ENSG00000294751
16595089	16595485	FABP5P11
16601307	16698742	TPTEP1
16616170	16617114	ENSG00000267338
16637040	16638740	TPTEP1
16645695	16646581	SLC25A15P5
16653892	16659628	PARP4P3
16654066	16675540	ANKRD62P1-PARP4P3
16671090	16679493	ANKRD62P1
16676016	16694648	ENSG00000273244
16690103	16704477	VWFP1
16701499	16748645	LINC01665
16725072	16747761	ENSG00000288024
16783412	16825411	XKR3
16827403	16829336	HSFY1P1
16827551	16829209	HSFY1P1
16837522	16837666	GPM6BP3
16844399	16846357	ENSG00000283535
16855804	16856162	ENSG00000237835
16857619	16860718	ZNF402P
16869433	16871281	ENSG00000237689
16876218	16876421	MTND1P17
16876552	16876902	ENSG00000237358
16889495	16890424	ENSG00000298208
16896849	16897760	ENSG00000297273
16897445	16897546	ENSG00000225480
16904219	16904696	IGKV1OR22-5
16914235	16914981	IGKV2OR22-4
16921443	16922173	IGKV2OR22-3
16925952	16926444	IGKV3OR22-2
16933521	16934003	IGKV1OR22-1
16953895	16956808	ENSG00000285045
16961936	17008222	GAB4
17012404	17012932	IL9RP6
17014906	17016548	ENSG00000310179
17020574	17024506	ENSG00000295065
17021398	17022570	VN1R9P
17035503	17036409	ENSG00000295360
17036425	17071041	ENSG00000290931
17044873	17047426	CECR7
17080701	17081456	ENSG00000273442
17084954	17115693	IL17RA
17093612	17093939	RPL31P62
17116297	17121367	TMEM121B
17119519	17132113	LINC01664
17137511	17165287	HDHD5
17159338	17165451	HDHD5-AS1
17178790	17258235	ADA2
17192936	17193308	RPL32P5
17213516	17214155	FAM32BP
17248091	17260693	ENSG00000296914
17256859	17266822	CECR3
17270097	17349607	ENSG00000308779
17314870	17329205	ENSG00000308791
17329034	17329232	CECR9
17352881	17353177	RN7SL843P
17359949	17558151	CECR2
17418697	17419828	TERF2IPP1
17424388	17424775	CLCP1
17518676	17519029	DNAJA1P6
17521514	17570078	ENSG00000286195
17563450	17590995	SLC25A18
17579386	17589192	ENSG00000236754
17592136	17628749	ATP6V1E1
17628855	17730855	BCL2L13
17734138	17774770	BID
17764180	17764259	MIR3198-1
17777317	17780519	LINC00528
17787649	18024561	MICAL3
17787652	17811497	ENSG00000093100
17800722	17802035	ENSG00000286990
17866708	17867463	ENSG00000294058
17910840	17911365	ENSG00000297738
17980868	17980961	MIR648
17983205	17983619	ENSG00000235445
18004270	18007308	ENSG00000234913
18019214	18020200	RHEBP3
18023718	18025689	ENSG00000297713
18029282	18044412	LINC01634
18044183	18077248	ENSG00000304254
18075138	18078884	ENSG00000225335
18077923	18105396	PEX26
18077989	18131720	ENSG00000288683
18081466	18081675	ENSG00000236890
18101612	18101888	ENSG00000235617
18102457	18103649	ARL2BPP10
18110100	18146683	TUBA8
18110759	18131154	ENSG00000280007
18149843	18177397	USP18
18178026	18205991	FAM230D
18205937	18207914	ENSG00000308419
18233500	18500594	FAM230A
18340145	18345899	GGTLC5P
18348975	18361192	ENSG00000288811
18361820	18391105	FAM230J
18374106	18375689	ENSG00000276874
18400407	18404206	PPP1R26P3
18412708	18415484	ENSG00000308374
18416727	18418871	ENSG00000308395
18427183	18428360	ENSG00000302882
18486999	18491247	ENSG00000277017
18501221	18512497	FAM247B
18516344	18518161	GGTLC3
18524620	18524935	Metazoa_SRP
18527157	18527626	ENSG00000277690
18527802	18530573	TMEM191B
18533646	18578894	PI4KAP1
18534005	18548798	PI4KAP1
18551200	18570739	ENSG00000300291
18605355	18605497	ENSG00000274625
18605802	18606102	RN7SKP131
18605815	18611919	RIMBP3
18615581	18615900	Metazoa_SRP
18623339	18625289	SUSD2P2
18633984	18634682	FAM246B
18634776	18635386	ENSG00000302720
18636445	18638405	CA15P2
18650023	18653617	PPP1R26P2
18715815	18719341	PPP1R26P4
18727548	18730085	ENSG00000309872
18733724	18757906	FAM230E
18738233	18739420	ENSG00000298191
18758532	18769809	ENSG00000297197
18773659	18858648	ENSG00000290711
18773825	18791223	GGT3P
18794414	18794804	ENSG00000239989
18803738	18813169	ENSG00000302582
18833694	18834438	E2F6P1
18846472	18864414	POM121L15P
18846477	18848379	ENSG00000302604
18846932	18848320	POM121L15P
18855621	18858640	BCRP7
18865042	18871095	ENSG00000307221
18873543	18896777	FAM230F
18883615	18884736	ENSG00000299619
18906028	18914238	DGCR6
18906238	18947732	ENSG00000283809
18912777	18936553	PRODH
18936411	18947741	ENSG00000284294
18951934	18959512	ENSG00000280418
18969692	19031242	DGCR5
18980695	18981325	ENSG00000283583
18985836	18994501	CELSR1P1
18996940	18998733	ENSG00000302076
18997138	18997595	ENSG00000271275
19014353	19014506	ENSG00000283366
19018043	19018916	ENSG00000270393
19029524	19031242	FAM246C
19031564	19034564	CA15P1
19032247	19033090	ENSG00000298261
19036282	19122454	DGCR2
19045256	19045367	Y_RNA
19046162	19048375	DGCR11
19055801	19056512	RPL28P6
19061041	19061843	ENSG00000281530
19121464	19135657	ENSG00000223461
19124309	19128449	ENSG00000272682
19124879	19125646	TSSK1A
19130279	19144684	ESS2
19131308	19132622	TSSK2
19146993	19150292	GSC2
19170452	19171631	ENSG00000289481
19171395	19185045	LINC01311
19175581	19178739	SLC25A1
19179473	19291719	CLTCL1
19196402	19200083	ENSG00000286367
19238443	19238739	RPL34P35
19249873	19249966	ENSG00000251940
19257520	19258806	KRT18P62
19291969	19328901	ENSG00000287146
19330698	19447450	HIRA
19351368	19447711	C22orf39
19365766	19366044	RN7SL168P
19432545	19436075	MRPL40
19447763	19450105	UFD1-AS1
19449911	19479202	UFD1
19454179	19454605	ENSG00000273300
19456503	19456962	ENSG00000273212
19479457	19520612	CDC45
19517453	19522769	ENSG00000287652
19523024	19527545	CLDN5
19551558	19566839	LINC00895
19579814	19587025	ENSG00000302501
19597778	19598642	ENSG00000305857
19630750	19633574	ENSG00000230485
19666899	19667735	ENSG00000225007
19687923	19693581	ENSG00000304282
19708983	19714838	ENSG00000304096
19714503	19724224	SEPTIN5
19717220	19724772	ENSG00000284874
19723539	19724771	GP1BB
19727249	19735909	ENSG00000298759
19748522	19749106	ENSG00000306238
19750531	19751330	ENSG00000298407
19756703	19783593	TBX1
19783223	19854939	GNB1L
19792294	19793094	RPL7AP70
19804904	19809428	ENSG00000302740
19846138	19854896	RTL10
19854910	19867420	ENSG00000289960
19875517	19941820	TXNRD2
19887289	19887970	RPL8P5
19933661	19939498	ENSG00000289946
19941371	19969975	COMT
19963753	19963834	MIR4761
19969896	20016823	ARVCF
20017014	20067164	TANGO2
20033139	20033220	MIR185
20058030	20070569	ENSG00000236540
20064552	20065705	ENSG00000268292
20070716	20070965	Metazoa_SRP
20080221	20111877	DGCR8
20080798	20081584	ENSG00000307654
20085746	20085833	MIR3618
20086058	20086142	MIR1306
20110821	20111875	ENSG00000243762
20111875	20117392	TRMT2A
20114686	20114751	MIR6816
20115938	20127355	RANBP1
20126402	20126526	SNORA77B
20129456	20148007	ZDHHC8
20148416	20151055	CCDC188
20151796	20155468	ENSG00000299199
20198729	20212221	LINC02891
20206340	20235981	LINC00896
20226761	20228564	ENSG00000307165
20241415	20283246	RTN4R
20249134	20249211	MIR1286
20299760	20313216	PRODHLP
20314238	20320080	DGCR6L
20318119	20318749	ENSG00000273343
20320104	20321406	ENSG00000273139
20335732	20338859	ENSG00000309819
20337895	20354372	FAM230G
20343198	20372718	ENSG00000290950
20363621	20377251	USP41P
20394115	20408461	ZNF74
20416797	20416899	RNU6-225P
20418310	20420314	ENSG00000301723
20424584	20437826	SCARF2
20425347	20443364	ENSG00000305663
20429241	20446620	ENSG00000277971
20441519	20495844	KLHL22
20450122	20451824	KLHL12P1
20475203	20475311	RNY1P9
20481158	20481268	Y_RNA
20481935	20482213	RN7SL812P
20482815	20484105	KRT18P5
20495913	20587632	MED15
20522070	20523870	ENSG00000236003
20563737	20567074	ENSG00000307622
20587496	20592218	CCDC74BP1
20587585	20592235	ENSG00000307604
20602595	20626134	SMPD4P1
20616230	20656986	ENSG00000290981
20631168	20632961	ENSG00000294629
20632619	20632751	IGLL4P
20652730	20654750	SLC9A3P2
20667836	20670984	ABHD17AP4
20689929	20698938	POM121L4P
20690031	20691317	ENSG00000290982
20695438	20704239	ENSG00000303205
20695633	20698399	ENSG00000303227
20697962	20698934	BCRP5
20701114	20704617	TMEM191A
20702007	20704490	TMEM191A
20707691	20859417	PI4KA
20774113	20787720	SERPIND1
20859007	20891214	SNAP29
20889206	20891214	ENSG00000272600
20917407	20953747	CRKL
20957092	20964881	LINC01637
20965108	20981360	AIFM3
20979462	20998121	ENSG00000285314
20981351	20982233	ENSG00000272829
20982269	20999032	LZTR1
20999104	21002196	THAP7
21001536	21010342	THAP7-AS1
21002895	21009453	ENSG00000284060
21008193	21014292	TUBA3FP
21008247	21032572	ENSG00000291240
21009808	21028013	P2RX6
21028718	21032840	SLC7A4
21031354	21044117	ENSG00000226872
21034176	21034272	MIR649
21035233	21045741	ENSG00000290799
21042343	21045017	P2RX6P
21045946	21064168	LRRC74B
21065462	21070097	TUBA3GP
21071082	21081018	ENSG00000284665
21102861	21170655	ENSG00000291044
21114570	21124451	ENSG00000197210
21115929	21119758	BCRP2
21125660	21128063	POM121L7P
21141624	21142371	E2F6P2
21163681	21166933	ENSG00000297777
21166079	21192161	FAM230B
21177892	21179875	ENSG00000234503
21192787	21204034	FAM247A
21203454	21203631	FAM247A
21207972	21294616	ENSG00000290983
21207973	21225554	GGT2P
21228760	21229138	ENSG00000283145
21268161	21268903	E2F6P3
21282881	21284161	POM121L8P
21290760	21294586	BCRP6
21290990	21292541	ENSG00000301876
21300990	21326741	FAM230H
21312920	21314904	ENSG00000237407
21326697	21332962	ENSG00000303017
21341595	21345258	PPP1R26P5
21354563	21358067	LINC01651
21359582	21368788	ENSG00000306955
21360601	21361299	FAM246A
21370064	21371945	SUSD2P1
21379382	21379701	Metazoa_SRP
21383751	21389478	RIMBP3B
21389191	21389491	RN7SKP63
21389796	21389938	ENSG00000252020
21396273	21396590	Metazoa_SRP
21417371	21451463	HIC2
21418732	21439973	ENSG00000303940
21463963	21464279	Metazoa_SRP
21466423	21471269	TMEM191C
21472998	21518463	ENSG00000293427
21473059	21488358	PI4KAP2
21490664	21512462	ENSG00000295071
21544897	21545039	ENSG00000252143
21545344	21545644	RN7SKP221
21545666	21551461	RIMBP3C
21549447	21624034	UBE2L3
21555138	21555457	Metazoa_SRP
21628089	21630064	YDJC
21632137	21632645	ENSG00000301561
21632716	21637329	CCDC116
21640844	21641284	ENSG00000273342
21642302	21644299	SDF2L1
21650379	21657494	ENSG00000295055
21652128	21670237	ENSG00000207751
21652981	21653058	MIR301B
21653304	21653385	MIR130B
21657811	21661021	ENSG00000284630
21661242	21661295	ENSG00000284651
21661476	21661593	ENSG00000284654
21661736	21666241	ENSG00000295080
21661859	21661929	ENSG00000284621
21666000	21700015	PPIL2
21697536	21735794	YPEL1
21712761	21714013	ENSG00000286365
21722895	21723182	RN7SL280P
21736135	21738374	ENSG00000299757
21737448	21744108	ENSG00000286127
21759657	21867680	MAPK1
21792434	21792524	RNA5SP493
21816883	21835671	ENSG00000289564
21867794	21886198	ENSG00000294146
21885282	21885673	MPPE1P2
21919425	21952848	PPM1F
21938269	21977632	PPM1F-AS1
21954365	21956341	ENSG00000309998
21957025	21982813	TOP3B
21991099	22043934	PRAMENP
21991236	21995428	PRAMENP
22026076	22026593	IGLVI-70
22030934	22031472	IGLV4-69
22032745	22033194	IGLVI-68
22036344	22040065	ENSG00000278657
22038643	22039126	ENSG00000249333
22043618	22043942	IGLV10-67
22046430	22046591	ENSG00000228161
22058433	22058892	IGLVIV-66-1
22061077	22061538	IGLVV-66
22070225	22070707	IGLVIV-65
22075366	22075666	IGLVIV-64
22079770	22080263	IGLVI-63
22086561	22087110	IGLV1-62
22087924	22088085	ENSG00000275361
22098700	22099212	IGLV8-61
22103219	22104857	ENSG00000225741
22114844	22118005	ABHD17AP5
22155582	22155942	ENSG00000236118
22157382	22157631	ENSG00000233720
22162199	22162681	IGLV4-60
22168289	22168634	ENSG00000227710
22170983	22171556	SOCS2P2
22179228	22179477	IGLVIV-59
22182582	22182885	IGLVV-58
22185941	22186619	BMP6P1
22195799	22196276	IGLV6-57
22198560	22199011	IGLVI-56
22201663	22202161	IGLV11-55
22214794	22215270	IGLV10-54
22219647	22220133	IGLVIV-53
22223187	22224566	TOP3BP1
22228719	22230469	ENSG00000234726
22244780	22245515	VPREB1
22264601	22273020	ENSG00000279278
22283928	22287220	ENSG00000274422
22293733	22294794	ENSG00000234630
22298124	22329122	ENSG00000286129
22303224	22310401	BMS1P20
22318727	22319226	IGLV5-52
22322472	22322969	IGLV1-51
22327300	22327814	IGLV1-50
22339573	22341214	ASH2LP3
22343187	22343732	IGLV9-49
22347807	22348164	ENSG00000232515
22352940	22353433	IGLV5-48
22357739	22358260	IGLV1-47
22366210	22367770	ASH2LP2
22369614	22370087	IGLV7-46
22370829	22371120	ENSG00000232603
22375986	22376505	IGLV5-45
22380766	22381347	IGLV1-44
22395018	22395489	IGLV7-43
22397032	22397524	IGLVI-42
22398849	22398999	IGLVVII-41-1
22404207	22404721	IGLV1-41
22409766	22410282	IGLV1-40
22420326	22421310	ASH2LP1
22425821	22426314	IGLVI-38
22427540	22428035	IGLV5-37
22431958	22432465	IGLV1-36
22446686	22448336	ASH2LP4
22450202	22450652	IGLV7-35
22465659	22465986	ENSG00000226595
22484421	22508742	ZNF280B
22513736	22520270	ZNF280A
22547701	22559361	PRAME
22559343	22566602	LL22NC03-63E9.3
22580014	22580296	IGLV2-34
22588155	22588688	IGLV2-33
22594528	22595056	IGLV3-32
22604445	22605165	IGLV3-31
22618572	22619163	IGLV3-30
22630065	22636153	BCRP4
22630546	22644524	ENSG00000290990
22642251	22644085	POM121L1P
22644614	22647898	GGTLC2
22661299	22661542	IGLV3-29
22664473	22664907	IGLV2-28
22668288	22668806	IGLV3-27
22673152	22673602	IGLV3-26
22679097	22679345	IGLVVI-25-1
22686726	22687271	IGLV3-25
22689831	22689978	ENSG00000232350
22692778	22693312	ENSG00000223999
22694439	22694952	IGLV3-24
22697789	22698407	IGLV2-23
22700760	22700970	IGLVVI-22-1
22704265	22704822	IGLV3-22
22711689	22713203	IGLV3-21
22715290	22715419	IGLVI-20
22720623	22721145	IGLV3-19
22730725	22731090	ENSG00000278667
22734607	22735089	IGLV2-18
22738944	22739187	IGLV3-17
22747383	22747921	IGLV3-16
22755554	22755797	IGLV3-15
22757217	22759496	ENSG00000288861
22758700	22759218	IGLV2-14
22762294	22762516	IGLV3-13
22771824	22772582	IGLV3-12
22774529	22774691	ENSG00000231392
22785643	22787268	ENSG00000275772
22790853	22818943	ENSG00000289120
22792491	22793007	IGLV2-11
22803076	22803360	ENSG00000274381
22811747	22812281	IGLV3-10
22814671	22814926	ENSG00000226477
22819010	22819756	IGLV3-9
22822658	22823289	IGLV2-8
22822776	22822871	MIR650
22834865	22835117	ENSG00000237127
22838602	22838872	IGLV3-7
22850375	22850624	IGLV3-6
22856762	22857038	IGLV2-5
22858025	22858268	IGLV3-4
22871507	22872035	IGLV4-3
22873212	22873440	IGLV3-2
22880706	22881396	IGLV3-1
22886267	22886379	MIR5571
22887780	22896111	IGLL5
22893692	22893818	IGLJ1
22895375	22895834	IGLC1
22899481	22899655	IGLJ2
22900976	22901437	IGLC2
22904850	22905025	IGLJ3
22906342	22906803	IGLC3
22910574	22910606	IGLJ4
22910828	22911075	IGLC4
22914237	22914308	IGLJ5
22915635	22915927	IGLC5
22918132	22918201	IGLJ6
22919535	22919851	IGLC6
22921390	22921435	IGLJ7
22922594	22923034	IGLC7
22988263	22988581	ATP5PFP2
22990690	23008356	ENSG00000223679
23053512	23055610	ENSG00000302749
23059415	23145021	RSPH14
23070519	23125032	GNAZ
23132730	23133005	Metazoa_SRP
23137805	23137864	U7
23145366	23165663	RAB36
23147639	23153680	ENSG00000294355
23179704	23318037	BCR
23179918	23180172	BCRP8
23261782	23262071	RN7SL263P
23262767	23265005	FBXW4P1
23286446	23305828	ENSG00000296232
23322543	23322927	RPS10P30
23326616	23328493	LINC02556
23358949	23402726	ENSG00000290920
23359603	23377014	CES5AP1
23383632	23384922	ENSG00000309962
23388249	23397016	ENSG00000309931
23392553	23394792	CCDC188BP
23397938	23402157	ZDHHC8BP
23402489	23409537	ENSG00000309947
23433460	23464002	LINC01659
23460349	23460511	ENSG00000227755
23461220	23509553	FAM230I
23474020	23475038	ENSG00000302395
23510154	23512662	ENSG00000287864
23512494	23513602	LINC02557
23521254	23523711	ENSG00000296781
23536821	23547797	PCAT14
23567064	23573507	ENSG00000224277
23573125	23580302	IGLL1
23580880	23583859	ENSG00000272733
23607041	23608407	ENSG00000278655
23608452	23632321	DRICH1
23610329	23610538	ENSG00000275609
23630618	23717423	GUSBP11
23638678	23640425	ENSG00000234353
23649213	23653334	ASLP1
23659869	23717295	GUSBP11
23688136	23699176	RGL4
23738682	23751112	ZNF70
23752743	23754425	VPREB3
23762990	23765863	C22orf15
23765834	23767972	CHCHD10
23768226	23784316	MMP11
23786931	23838009	SMARCB1
23820627	23822557	ENSG00000297571
23834503	23839128	DERL3
23839392	23839892	ENSG00000297590
23839862	23842796	ENSG00000297546
23856416	23857813	ENSG00000272973
23856703	23886312	SLC2A11
23862188	23895223	ENSG00000251357
23865248	23873277	ENSG00000279467
23879493	23879790	RN7SL268P
23891180	23974441	ENSG00000290199
23894383	23895227	MIF
23894426	23898930	MIF-AS1
23901432	23907068	ENSG00000273295
23926900	23929574	KLHL5P1
23939998	23942798	ENSG00000206090
23949918	23954042	ENSG00000231271
23951379	23952819	ENSG00000298765
23957414	23961195	GSTT2B
23960773	23965405	ENSG00000298703
23963780	23964374	ENSG00000228039
23966435	23967780	ENSG00000298810
23966888	23972556	DDTL
23969211	23969873	ENSG00000272787
23970542	23980525	DDT
23973552	23974894	ENSG00000298832
23976872	23991421	GSTT3P
23976904	23977585	ENSG00000250470
23980058	23983915	GSTT2
23998401	24005453	GSTT4
24005561	24008867	ENSG00000298726
24006189	24008135	ENSG00000298743
24006305	24008258	ENSG00000235689
24011192	24178628	CABIN1
24101689	24103354	ENSG00000232545
24133934	24139535	ENSG00000294480
24181487	24189106	SUSD2
24219654	24245108	GGT5
24247862	24265525	POM121L9P
24247937	24251521	ENSG00000300174
24248074	24249466	GGTLC4P
24252005	24253289	POM121L9P
24257400	24264499	ENSG00000300150
24259929	24263764	BCRP1
24269346	24270134	RPS10P29
24270817	24417739	SPECC1L
24270898	24442356	SPECC1L-ADORA2A
24321222	24402695	ENSG00000299949
24417879	24442357	ADORA2A
24429206	24495074	ADORA2A-AS1
24494107	24528390	UPB1
24516508	24518386	ENSG00000228923
24540423	24555935	GUCD1
24555958	24582052	SNRPD3
24556007	24628987	ENSG00000286070
24585620	24593208	LRRC75B
24594811	24629005	GGT1
24598054	24599398	ENSG00000230947
24632820	24653362	BCRP3
24633272	24633443	ENSG00000284233
24644791	24650832	BCRP3
24645171	24651657	ENSG00000284070
24656771	24659220	ENSG00000295393
24657481	24658765	POM121L10P
24659275	24664646	ENSG00000299016
24686168	24686679	ARL5AP4
24686923	24688087	ACTR2P1
24690628	24696033	ENSG00000282012
24700916	24707809	ENSG00000309048
24703348	24703503	ENSG00000237601
24712292	24712520	CRIP1P4
24719034	24774720	PIWIL3
24806169	24927578	SGSM1
24901147	24901214	ENSG00000199783
24935098	24946695	LHFPL7
24952716	25197448	KIAA1671
25009685	25015072	ENSG00000279085
25022594	25024652	ENSG00000279548
25048967	25051966	ENSG00000279006
25052122	25065241	ENSG00000279110
25102417	25112716	KIAA1671-AS1
25111206	25111778	ENSG00000307633
25179309	25179554	STMN3P1
25199858	25207359	CRYBB3
25212085	25213826	ENSG00000236641
25212564	25231870	CRYBB2
25236127	25263815	ENSG00000298663
25251523	25252602	ENSG00000279298
25267648	25283149	ENSG00000233577
25282097	25320227	ENSG00000285968
25282943	25300791	ENSG00000285690
25318256	25320080	IGLL3P
25327196	25337736	ENSG00000300687
25327252	25339975	ENSG00000230637
25349543	25350322	PHF10P2
25351418	25405377	ENSG00000290796
25351612	25405274	LRP5L
25412803	25448847	ENSG00000272942
25436312	25436915	ENSG00000272798
25437306	25437823	IGLVIVOR22-1
25448053	25540803	CRYBB2P1
25455646	25455711	MIR6817
25455712	25459681	CRYBB2P1
25476218	25479971	ENSG00000272977
25524674	25565762	GRK3-AS1
25564675	25729294	GRK3
25580241	25581382	ENSG00000237387
25647261	25649232	YES1P1
25680927	25688791	ENSG00000306469
25715041	25715169	RNA5SP494
25742144	26031045	MYO18B
25756318	25756669	ENSG00000278960
25876854	25903247	MYO18B-AS1
25959074	25983526	ENSG00000232464
25963983	25964273	RN7SKP169
26006389	26006532	ENSG00000232050
26056361	26057341	ENSG00000306790
26068864	26164303	LINC02559
26091168	26098643	ENSG00000309274
26161903	26169610	ENSG00000229770
26169462	26383597	SEZ6L
26241331	26254092	SEZ6L-AS1
26390667	26390776	RNA5SP495
26422071	26423193	RPS3AP55
26429260	26445015	ASPHD2
26443107	26483931	HPS4
26445445	26451322	ENSG00000307305
26483877	26494658	SRRD
26491225	26512505	TFIP11
26512503	26516383	TFIP11-DT
26521996	26596717	TPST2
26525087	26525574	ENSG00000296814
26555212	26555323	MIR548J
26557237	26561624	ENSG00000299773
26560526	26561088	HMGB1P10
26590220	26611453	ENSG00000286326
26599278	26618027	CRYBB1
26621963	26630669	CRYBA4
26632009	26647837	ENSG00000309298
26644889	26645336	ISCA2P1
26646363	27004694	MIATNB
26646411	26676478	MIAT
26657521	26657655	ENSG00000278404
26667693	26672997	ENSG00000206028
26671402	26671550	ENSG00000277941
26672164	26672248	ENSG00000275942
26673254	26673630	ENSG00000276991
26783581	26784399	ENSG00000309348
26886909	26887548	RPL15P22
27019369	27024550	ENSG00000279440
27020663	27023389	ENSG00000308315
27035887	27035991	RNU6-1066P
27040197	27041494	ENSG00000279914
27044001	27045315	ENSG00000279848
27048144	27061247	ENSG00000236858
27102766	27107019	ENSG00000280025
27106106	27124756	ENSG00000300936
27124499	27125239	ENSG00000300959
27143478	27159878	ENSG00000231405
27159861	27225134	LINC01638
27187520	27189216	ENSG00000304686
27195232	27205126	ENSG00000238195
27259047	27259851	ENSG00000299465
27276212	27286349	ENSG00000233574
27292307	27318538	ENSG00000223726
27307777	27318501	LINC02554
27320505	27329372	ENSG00000302993
27331616	27379265	ENSG00000230051
27377869	27420702	ENSG00000280445
27436285	27441778	ENSG00000287034
27457125	27460871	ENSG00000227880
27507183	27573612	ENSG00000224027
27602657	27604882	ENSG00000307679
27666516	27669543	ENSG00000289489
27674032	27677788	ENSG00000295865
27675727	27744761	ENSG00000295854
27676559	27714970	CPMER
27707580	27709931	ENSG00000231495
27716480	27721677	ENSG00000226169
27718533	27719179	ENSG00000295876
27719492	27719757	ENSG00000295890
27748277	27801756	MN1
27780528	27782277	ENSG00000301405
27801776	27802058	ENSG00000299103
27825475	27827927	ENSG00000308539
27851669	27920134	PITPNB
27919303	28008581	TTC28-AS1
27919384	27919545	ENSG00000277460
27920525	27920612	MIR3199-1
27920526	27920611	MIR3199-2
27922022	27922178	ENSG00000276150
27924290	27933380	ENSG00000294461
27978014	28679840	TTC28
27994474	27994654	ENSG00000274342
28002484	28002595	ENSG00000276675
28056153	28056453	RN7SL757P
28232756	28232823	SNORD42
28303754	28303850	Y_RNA
28459869	28459948	MIR5739
28642979	28643270	RN7SL162P
28687743	28742422	CHEK2
28742039	28757515	HSCB
28760111	28769779	ENSG00000295361
28772674	28789301	CCDC117
28794555	28800597	XBP1
28800655	28850593	ENSG00000226471
28814914	28815662	ENSG00000272858
28835893	28836137	BBLNP2
28882598	28884722	ENSG00000302057
28883572	29057488	ZNRF3
28992721	29018620	ZNRF3-IT1
29024999	29031533	ZNRF3-AS1
29058672	29061831	C22orf31
29062096	29069572	ENSG00000295282
29073035	29168333	KREMEN1
29099041	29111683	ENSG00000226772
29134014	29134120	RNU6-810P
29191697	29191808	RNU6-1219P
29205896	29259597	EMID1
29259872	29268209	RHBDD3
29260889	29262037	ENSG00000237015
29268009	29300525	EWSR1
29296528	29315981	ENSG00000301612
29306618	29312787	GAS2L1
29312933	29319679	RASL10A
29316744	29317220	ENSG00000273216
29327680	29388583	AP1B1
29333158	29333267	ENSG00000280968
29333163	29333258	SNORD125
29361068	29435188	ENSG00000290778
29406803	29410767	ENSG00000285697
29409067	29478923	RFPL1S
29419155	29423193	ENSG00000242156
29432944	29435005	RFPL4AP6
29438583	29442455	RFPL1
29480218	29491390	NEFH
29480220	29481113	ENSG00000282816
29505879	29555216	THOC5
29513889	29535390	ENSG00000234208
29554808	29581327	NIPSNAP1
29593785	29597475	ENSG00000296836
29603553	29698598	NF2
29608900	29609501	RPEP4
29705256	29719926	CABP7-DT
29720003	29731833	CABP7
29730956	29767011	ZMAT5
29758758	29758859	Y_RNA
29767091	29768096	ENSG00000287967
29767369	29770413	UQCR10
29769522	29782188	ENSG00000299803
29788609	29838304	ASCC2
29883169	30030868	MTMR3
29899587	29899693	RNU6-331P
30007049	30007113	MIR6818
30008740	30080480	HORMAD2-AS1
30046276	30047193	CNN2P1
30080464	30177075	HORMAD2
30105094	30105408	RPL36P17
30136673	30137681	RPS3AP51
30157549	30167922	ENSG00000299076
30182818	30207255	ENSG00000225676
30196958	30198034	ENSG00000299104
30209604	30210403	ENSG00000299123
30216407	30216802	ENSG00000289846
30238784	30240556	LIF-AS1
30240453	30246759	LIF
30246205	30246998	LIF-AS2
30262829	30266851	OSM
30266877	30267283	ENSG00000307596
30269689	30284363	ENSG00000307561
30271079	30272071	ENSG00000289888
30275215	30276951	ENSG00000279699
30284434	30284796	ENSG00000308679
30285117	30289622	CASTOR1
30285238	30299482	ENSG00000248751
30291990	30326947	TBC1D10A
30331988	30356919	SF3A1
30356635	30378673	CCDC157
30368811	30421771	RNF215
30396941	30425303	SEC14L2
30409255	30428990	ENSG00000249590
30420512	30420912	ENSG00000273350
30421045	30421148	RNU6-564P
30421206	30421536	ENSG00000272689
30423830	30424211	ENSG00000303189
30425623	30429054	MTFP1
30432686	30436245	ENSG00000273428
30439837	30440318	SLC39A1P1
30447959	30472017	SEC14L3
30475233	30492804	ENSG00000181123
30481311	30481911	SDC4P
30488902	30505711	SEC14L4
30506594	30514381	ENSG00000304489
30522799	30546741	SEC14L6
30537560	30538732	ENSG00000304318
30542536	30544305	SIRPAP1
30554635	30574665	GAL3ST1
30576625	30607083	PES1
30598309	30606687	ENSG00000223831
30607003	30627271	TCN2
30635781	30669016	SLC35E4
30652051	30667887	DUSP18
30653877	30654814	RPL13AP26
30664961	30674134	ENSG00000288153
30693782	30907824	OSBP2
30731557	30731641	MIR3200
30872270	30877082	ENSG00000297138
30902219	30902781	EIF4HP2
30902237	30922261	ENSG00000294008
30922294	30932449	MORC2-AS1
30925130	30968774	MORC2
30969245	30979395	TUG1
30971005	30971149	ENSG00000276664
30971296	30971382	ENSG00000276057
30972857	30973093	ENSG00000276965
30973417	30973597	ENSG00000275307
30976515	30978848	ENSG00000269987
30977516	30977858	ENSG00000269972
30990425	30992650	ENSG00000308799
31051630	31068327	ENSG00000278920
31059989	31060285	RN7SL633P
31064105	31104757	SMTN
31082156	31083565	ENSG00000273387
31104772	31120069	SELENOM
31113017	31113396	RPS15AP37
31122731	31134697	INPP5J
31134807	31140508	PLA2G3
31142563	31150286	ENSG00000307556
31155966	31156647	SNRPNP2
31160062	31160119	MIR3928
31160182	31207019	RNF185
31204363	31212141	ENSG00000298545
31205264	31205616	RNF185-AS1
31212239	31280080	LIMK2
31222745	31222853	RNU6-1128P
31230071	31230172	Y_RNA
31281594	31292534	PIK3IP1
31292499	31338021	PIK3IP1-DT
31292859	31293840	ENSG00000294819
31305404	31305512	RNA5SP496
31325804	31346346	PATZ1
31346745	31348719	LINC01521
31388733	31388837	RNU6-338P
31399604	31528740	DRG1
31436977	31496108	EIF4ENIF1
31452881	31464304	ENSG00000240591
31479383	31479489	RNU6-28P
31488688	31618588	SFI1
31490150	31491022	ENSG00000287817
31521199	31521592	H2AZP6
31538352	31538589	RPS26P59
31559483	31559939	RPS18P14
31586699	31593440	ENSG00000296570
31618491	31662221	PISD
31621467	31621531	MIR7109
31676256	31750140	PRR14L
31753867	31908033	DEPDC5
31754899	31956243	ENSG00000285404
31757202	31757498	RN7SL20P
31816379	31817491	RPL17P52
31837238	31837298	RNU6-201P
31890344	31891434	ENSG00000227813
31893262	31895617	ENSG00000298701
31907140	31945518	YWHAH-AS1
31927208	31927584	ENSG00000306617
31944522	31957603	YWHAH
31963357	31970400	ENSG00000227519
31970817	32037995	LINC02558
31981147	31981427	RN7SL305P
32039490	32039896	RPS17P16
32043261	32113029	SLC5A1
32114899	32121669	ENSG00000300724
32121931	32143398	AP1B1P1
32129689	32130612	ENSG00000237439
32132317	32132507	AP1B1P1
32134028	32134133	AP1B1P2
32149006	32159322	C22orf42
32159454	32160392	ENSG00000230120
32188400	32188487	ENSG00000275656
32190435	32205073	RFPL2
32199919	32200234	IGLCOR22-1
32205115	32278382	SLC5A4-AS1
32218464	32255347	SLC5A4
32265891	32355071	ENSG00000289873
32269381	32273110	CPSF1P1
32284683	32285131	ENSG00000273325
32327064	32343105	ENSG00000234626
32354885	32361161	RFPL3
32356676	32356988	IGLCOR22-2
32359886	32382106	RFPL3S
32362972	32363059	ENSG00000274617
32368497	32368567	ENSG00000274170
32376664	32384343	ENSG00000230736
32376682	32377135	IGLVIVOR22-2
32383786	32385631	ENSG00000241954
32386668	32386868	RGL4P1
32387582	32412248	RTCB
32412315	32427241	ENSG00000295501
32413845	32464484	BPIFC
32474676	32498829	FBXO7
32507820	33058381	SYN3
32532837	32534993	ENSG00000299801
32580121	32584204	SYN3-AS1
32604646	32607751	ENSG00000299145
32635102	32635198	RNA5SP497
32641197	32655339	ENSG00000309773
32783177	32784982	ENSG00000229673
32801705	32863041	TIMP3
33014980	33015461	ETFRF1P1
33025593	33052539	ENSG00000300892
33066663	33074030	ENSG00000295622
33071166	33145897	LINC01640
33105383	33106059	ENSG00000228622
33137140	33137338	ENSG00000233632
33162226	33922841	LARGE1
33164063	33166439	ENSG00000232073
33203493	33218330	ENSG00000295601
33320865	33322813	ENSG00000230741
33334568	33335616	ENSG00000302643
33436582	33436669	MIR4764
33704786	33704920	SNORA50B
33704786	33704922	ENSG00000281295
33723832	33724912	LARGE-IT1
33725007	33750843	LARGE-AS1
33921211	33923049	LARGE1-AS1
34017402	34218796	LINC01643
34102433	34105677	ENSG00000304411
34191194	34210663	ENSG00000224404
34262017	34288263	ENSG00000302840
34277105	34284837	ENSG00000302858
34349633	34363204	ENSG00000296466
34589085	34591278	ACO2P1
34629000	34633677	ENSG00000297940
34629432	34665933	ENSG00000280356
34703126	34704885	ENSG00000234891
34711569	34724919	ENSG00000237316
34756665	35002862	LINC02885
35066136	35087387	ISX
35075867	35231064	LINC01399
35122661	35127419	ENSG00000273068
35164304	35165347	ENSG00000238153
35194699	35194942	LINC01399
35232631	35258387	ENSG00000303430
35241465	35255753	ENSG00000303454
35249772	35249833	RNU7-167P
35257452	35295807	HMGXB4
35298838	35299541	ENSG00000273176
35299275	35347992	TOM1
35335640	35335758	MIR3909
35336721	35336799	MIR6069
35372174	35372621	ENSG00000282602
35376422	35377261	ENSG00000282041
35380361	35394214	HMOX1
35400134	35425431	MCM5
35501861	35503586	TRMT112P8
35526932	35527415	ENSG00000273044
35540831	35553999	RASD2
35563570	35587706	ENSG00000304364
35591913	35598380	ENSG00000304386
35603958	35604880	ENSG00000288777
35606764	35637951	MB
35626988	35635134	ENSG00000268818
35648446	35668404	APOL6
35685940	35689373	ENSG00000228587
35703803	35704176	MRPS16P3
35717872	35729483	APOL5
35738736	36028824	RBFOX2
35834402	35836801	ENSG00000294483
35838259	35839935	ENSG00000294512
35838583	35838657	ENSG00000293594
35897270	35898404	NDUFA9P1
35992321	36000469	ENSG00000279652
36030589	36038797	ENSG00000299784
36056391	36066064	ENSG00000307640
36066533	36070110	ENSG00000279927
36071000	36085573	ENSG00000279217
36091148	36093352	ENSG00000279714
36133017	36135553	ENSG00000304491
36137430	36139350	ENSG00000279805
36139792	36166177	APOL3
36172422	36172779	MTCO1P20
36172934	36173948	MTCO2P20
36174261	36174822	MTATP6P20
36175167	36175854	MTCO3P20
36175857	36176526	MTCYBP34
36178554	36179385	MTND1P10
36189124	36204840	APOL4
36220535	36222148	ENSG00000288778
36226209	36239954	APOL2
36253071	36267530	APOL1
36281280	36388010	MYH9
36286847	36286907	MIR6819
36335217	36343530	ENSG00000287269
36387774	36424052	MYH9-DT
36421273	36421644	RPS15AP38
36440880	36440970	Y_RNA
36445067	36462247	ENSG00000228719
36465701	36466416	ENSG00000297762
36467046	36481640	TXN2
36471206	36472146	ENSG00000294928
36487190	36507221	FOXRED2
36510855	36529184	EIF3D
36525246	36528109	ENSG00000302270
36536656	36537604	ENSG00000188078
36552165	36552700	ENSG00000229971
36560857	36703752	CACNG2
36560870	36562915	ENSG00000261675
36703577	36753050	CACNG2-DT
36754086	36755731	ENSG00000287773
36758202	36776256	IFT27
36766478	36769022	ENSG00000286485
36800684	36819479	PVALB
36816326	36819736	ENSG00000234979
36847367	36870486	NCF4-AS1
36860988	36878017	NCF4
36888030	36902025	ENSG00000309920
36911035	36926023	ENSG00000304449
36913628	36940439	CSF2RB
36950084	36954665	ENSG00000309254
36950529	36953723	CSF2RBP1
36957765	36963497	ENSG00000304026
36965248	36968172	LL22NC01-81G9.3
36991120	37007851	CIMIP4
37010859	37020183	TST
37013225	37013319	Y_RNA
37019635	37029821	MPST
37033082	37035517	ENSG00000287236
37043858	37051314	ENSG00000306187
37051739	37063390	KCTD17
37055033	37055347	RN7SKP214
37065436	37109713	TMPRSS6
37080068	37082847	ENSG00000231467
37109686	37110676	ENSG00000294412
37118666	37175118	IL2RB
37166743	37182931	ENSG00000235237
37180166	37199385	C1QTNF6
37202652	37203900	ENSG00000294472
37204237	37212477	SSTR3
37215738	37215891	RPL39P41
37225270	37259594	RAC2
37266176	37274650	ENSG00000296310
37282027	37315341	CYTH4
37291179	37337357	ENSG00000298470
37318887	37324490	ENSG00000298537
37334637	37340504	ENSG00000298513
37339565	37427445	ELFN2
37339569	37355297	ENSG00000237862
37367960	37427479	ELFN2
37371684	37372858	ENSG00000272694
37427212	37459110	ENSG00000298484
37469063	37486393	MFNG
37490362	37519542	CARD10
37522752	37546136	ENSG00000305681
37549972	37551735	ENSG00000225867
37560480	37569405	CDC42EP1
37570248	37582616	LGALS2
37578669	37578922	Metazoa_SRP
37601940	37602722	ENSG00000310096
37603925	37608705	ENSG00000298665
37608474	37633564	GGA1
37634654	37656117	SH3BP1
37639693	37666932	ENSG00000285304
37641832	37658377	PDXP-DT
37658723	37666932	PDXP
37669464	37669739	RN7SL385P
37675636	37679802	LGALS1
37676833	37677284	ENSG00000302134
37681673	37693476	NOL12
37686414	37726503	ENSG00000100101
37697048	37776556	TRIOBP
37744310	37751839	ENSG00000307365
37805226	37807436	ENSG00000299971
37805229	37807432	H1-0
37807905	37817176	GCAT
37823382	37825485	GALR3
37830855	37849327	ANKRD54
37844272	37844371	MIR658
37847678	37847774	MIR659
37848868	37889407	EIF3L
37876148	37895563	ENSG00000279738
37885364	37895450	ENSG00000296723
37891347	37891448	RNU6-900P
37905657	37942822	MICALL1
37943050	37944898	ENSG00000278948
37943050	37953669	C22orf23
37950965	37951778	ENSG00000272582
37952607	38041915	POLR2F
37967563	37967624	MIR6820
37970686	37987422	SOX10
37988794	37988853	MIR4534
38032165	38034228	ENSG00000222044
38043230	38043920	ENSG00000273214
38056311	38075701	PICK1
38057180	38073940	ENSG00000233739
38078134	38084184	SLC16A8
38084652	38111015	BAIAP2L2
38090127	38091559	ENSG00000272720
38111495	38214778	PLA2G6
38130216	38150612	ENSG00000279080
38194270	38203469	ENSG00000298301
38200767	38216507	MAFF
38219291	38273010	TMEM184B
38231320	38232248	TMEM184B-AS1
38231720	38231993	RN7SL704P
38281028	38281289	Metazoa_SRP
38290691	38318084	CSNK1E
38291918	38398522	TPTEP2-CSNK1E
38335300	38398929	ENSG00000291015
38361381	38384096	TPTEP2
38387918	38388857	ENSG00000229955
38408314	38423933	ENSG00000286144
38424288	38432308	ENSG00000228620
38426327	38455199	KCNJ4
38434307	38436686	ENSG00000286440
38441894	38444278	ENSG00000307538
38457322	38461677	ENSG00000306993
38468078	38483447	KDELR3
38483438	38507660	DDX17
38506469	38510893	ENSG00000300440
38518948	38570204	DMC1
38570264	38571213	ENSG00000300451
38574931	38575431	RPS29P31
38578118	38656629	FAM227A
38654073	38655547	ENSG00000293718
38656636	38673854	CBY1
38666508	38668750	ENSG00000230912
38667585	38681871	TOMM22-DT
38675876	38677800	ENSG00000287219
38681957	38685421	TOMM22
38685543	38701556	JOSD1
38704848	38705520	ENSG00000295107
38705742	38738299	GTPBP1
38722743	38723505	PRDX3P1
38733290	38794143	SUN2
38734725	38738765	ENSG00000244491
38734730	38738990	ENSG00000230149
38736610	38736792	ENSG00000273096
38739003	38749041	ENSG00000225450
38742625	38743115	ENSG00000272669
38743495	38743910	ENSG00000273076
38778508	38794198	DNAL4
38818452	38844028	NPTXR
38861422	38872249	CBX6
38871700	38925455	ENSG00000288106
38952741	38963184	APOBEC3A
38953737	38954063	ENSG00000305435
38961003	38964043	ENSG00000305420
38982347	38992804	APOBEC3B
38991559	38998209	APOBEC3B-AS1
39014257	39020352	APOBEC3C
39014363	39033276	ENSG00000284554
39021113	39033277	APOBEC3D
39027991	39040693	ENSG00000306709
39040604	39055972	APOBEC3F
39066256	39069975	ENSG00000289963
39070414	39070671	ENSG00000259421
39077067	39087743	APOBEC3G
39091012	39092859	ENSG00000290922
39091586	39092110	ENSG00000225720
39096662	39097679	ENSG00000306155
39097224	39104067	APOBEC3H
39120167	39152680	CBX7
39120293	39120566	COX5BP7
39133090	39136760	ENSG00000279833
39144634	39172937	ENSG00000297177
39153789	39214609	ENSG00000297155
39155525	39155945	FUNDC2P4
39213283	39214498	ENSG00000297194
39223359	39244982	PDGFB
39242174	39279897	ENSG00000284633
39279061	39302104	ENSG00000299144
39292988	39295589	ENSG00000224794
39300473	39301041	ENSG00000299161
39304470	39310161	ENSG00000295778
39304529	39310611	ENSG00000295759
39312882	39320389	RPL3
39313819	39313911	SNORD83B
39315213	39315307	SNORD83A
39319050	39319113	SNORD43
39349925	39385575	SYNGR1
39379610	39380015	ENSG00000280216
39380073	39388843	ENSG00000294968
39399778	39437060	TAB1
39457012	39492194	MGAT3
39475807	39476822	MGAT3-AS1
39499432	39518132	MIEF1
39500471	39502160	ENSG00000303883
39504231	39504443	MIURF
39519695	39522686	ATF4
39529093	39532761	RPS19BP1
39556791	39557610	ENSG00000303612
39570753	39689735	CACNA1I
39722348	39723942	ENSG00000301075
39743044	39893864	ENTHD1
39750127	39751293	MTFR2P2
39874255	39874515	RN7SKP210
39875289	39876108	UQCRFS1P1
39893820	39894167	ENSG00000296191
39901084	39973721	GRAP2
39960397	39964905	TMA7B
39994954	40043534	FAM83F
40042688	40044586	TNRC6B-DT
40044319	40044512	ENSG00000309925
40044817	40335808	TNRC6B
40106325	40107066	RPL7P52
40260158	40276693	ENSG00000309895
40346461	40390463	ADSL
40346529	40410054	ENSG00000284431
40370591	40410289	SGSM3
40372664	40388290	SGSM3-AS1
40410281	40636719	MRTFA
40415003	40415445	ENSG00000272834
40433136	40433641	ENSG00000227413
40521800	40527933	MRTFA-AS1
40569286	40569895	COX6B1P3
40586700	40588003	RPL4P6
40636981	40637745	ENSG00000301306
40651357	40652146	ENSG00000303151
40651833	40654777	ENSG00000303129
40660779	40684947	ENSG00000289292
40673484	40674451	GAPDHP37
40679273	40682812	MCHR1
40685013	40708309	ENSG00000309667
40721457	40741265	ENSG00000302971
40769630	40819399	SLC25A17
40788777	40789267	RFKP4
40798039	40798285	JTBP1
40813883	40813958	MIR4766
40824535	40856639	ST13
40856128	40856618	ENSG00000305592
40857077	40932815	XPNPEP3
40859549	40862113	DNAJB7
40917111	40917381	Metazoa_SRP
40917743	40917846	RNU6-379P
40951347	40973309	RBX1
40977056	41021958	ENSG00000304944
41045497	41045591	Y_RNA
41064052	41064633	RPS9P2
41065554	41065646	Y_RNA
41074180	41075239	ACTBP15
41087019	41092847	ENSG00000296654
41092510	41180077	EP300
41092513	41092566	MIR1281
41141367	41197520	EP300-AS1
41168217	41168316	RNU6-375P
41189727	41190188	LRRC37A14P
41205282	41231271	L3MBTL2
41207592	41228500	L3MBTL2-AS1
41229510	41240931	CHADL
41244779	41286187	RANGAP1
41252992	41253050	MIR6889
41286428	41287373	ENSG00000304876
41301525	41360147	ZC3H7B
41366135	41381281	ENSG00000298609
41367333	41399326	TEF
41377177	41377283	RNU6-495P
41414042	41423304	ENSG00000301754
41430934	41431375	ENSG00000273424
41433492	41446801	TOB2
41446935	41447749	ENSG00000289841
41447830	41529273	ACO2
41447871	41448570	ENSG00000301767
41459717	41468692	PHF5A
41525799	41544606	POLR3H
41551699	41561009	ENSG00000286491
41555849	41556510	ENSG00000297861
41561010	41577741	CSDC2
41576900	41589871	PMM1
41598028	41621043	DESI1
41621163	41664048	XRCC6
41648089	41648190	Y_RNA
41673933	41690504	SNU13
41676745	41677125	ENSG00000285531
41679711	41679817	RNU6-476P
41688877	41698136	C22orf46P
41690628	41698136	C22orf46P
41699503	41799456	MEI1
41709225	41709489	HMGN2P10
41722043	41722131	RNU6ATAC22P
41747312	41747413	Y_RNA
41800679	41832164	CCDC134
41831215	41834665	SREBF2-AS1
41833105	41907306	SREBF2
41900944	41901012	MIR33A
41909543	41915074	SHISA8
41913490	41916104	ENSG00000304470
41922032	41926806	TNFRSF13C
41923222	41923297	MIR378I
41927514	41947152	CENPM
41947194	41958939	SMIM45
41969443	41998221	SEPTIN3
41981304	41982217	ENSG00000224883
41989161	41998684	ENSG00000301540
41998725	42058456	WBP2NL
42000201	42001991	ENSG00000293202
42001069	42001966	SLC25A5P1
42058334	42070842	NAGA
42070949	42071488	ENSG00000286659
42074248	42079438	PHETA2
42076058	42076161	SNORD13P1
42079070	42079950	ENSG00000309045
42079691	42084284	SMDT1
42085526	42090884	NDUFA6
42089630	42090028	ENSG00000270083
42090931	42137742	NDUFA6-DT
42107765	42108953	OLA1P1
42126499	42130865	CYP2D6
42132543	42132998	ENSG00000227370
42136433	42139927	ENSG00000232710
42138060	42139726	ENSG00000281538
42140203	42149500	CYP2D7
42149832	42152501	ENSG00000303069
42149886	42155001	CYP2D8P
42160013	42343616	TCF20
42183827	42207600	ENSG00000288719
42269703	42279534	OGFRP1
42363671	42369300	LINC01315
42380407	42432403	NFAM1
42436875	42437984	ENSG00000299904
42437710	42450848	ENSG00000230107
42500254	42512564	SERHL
42500671	42512237	SERHL
42502024	42503347	ENSG00000295474
42507982	42519800	RRP7A
42519303	42530333	ENSG00000295412
42553617	42574382	SERHL2
42555212	42582039	RRP7BP
42565048	42565330	RN7SKP80
42569147	42569250	RNU6-513P
42574733	42582001	RRP7BP
42581083	42584588	ENSG00000295452
42583721	42614962	POLDIP3
42583836	42627688	ENSG00000289517
42608732	42612662	ENSG00000295434
42614636	42626375	ENSG00000270022
42615244	42615393	RNU12
42615730	42720870	CYB5R3
42639803	42640601	ATP5MGL
42692121	42721298	A4GALT
42742802	42744787	ENSG00000303951
42762860	42762959	Y_RNA
42776406	42777296	RPL5P34
42784462	42787100	GOLGA2P4
42785230	42795688	ENSG00000307819
42787588	42791148	ENSG00000307847
42791814	42794313	ADAMTS7P5
42796502	42858106	ARFGAP3
42835412	43015149	PACSIN2
42853403	42853799	COA1P1
42857027	42872515	ENSG00000307798
43015375	43058506	TTLL1-AS1
43039516	43089419	TTLL1
43092167	43092524	RPS25P10
43110750	43129712	BIK
43132209	43143398	MCAT
43151547	43163242	TSPO
43166622	43187134	TTLL12
43197280	43343372	SCUBE1
43212674	43213661	SCUBE1-AS2
43232141	43239010	ENSG00000234892
43275955	43283830	SCUBE1-AS1
43373103	43393260	ENSG00000299223
43399604	43409728	LINC01639
43411196	43507848	MPPED1
43507824	43513727	ENSG00000286801
43516107	43560063	EFCAB6-AS1
43528744	43812337	EFCAB6
43759199	43759910	ENSG00000233157
43776660	43782143	ENSG00000299489
43802544	43802772	HMGN2P9
43811869	43817906	EFCAB6-DT
43820705	43825944	ENSG00000299503
43824509	43862513	SULT4A1
43842564	43843281	ENSG00000299520
43879678	43892013	PNPLA5
43922897	43924624	ENSG00000304926
43923792	43964488	PNPLA3
43955442	44010531	SAMM50
43957027	43957348	RPL35AP36
43999211	44172939	PARVB
44102779	44116232	ENSG00000279175
44139365	44153626	ENSG00000280434
44172956	44219533	PARVG
44181200	44182704	ENSG00000298339
44183031	44187739	ENSG00000279933
44210442	44229512	ENSG00000280011
44243665	44312951	SHISAL1
44312936	44315159	ENSG00000298486
44337460	44340286	ENSG00000296820
44352888	44354626	ENSG00000296842
44365551	44366284	ENSG00000220702
44368978	44411721	ENSG00000301322
44413485	44414814	SKP1P4
44443290	44444793	LINC01656
44483495	44483717	MRPS18CP6
44486295	44486914	ENSG00000279642
44492583	44498233	RTL6
44566965	44568247	KRT18P23
44569285	44572468	LINC00207
44606289	44625431	LINC00229
44624072	44624796	ENSG00000308520
44651835	44652379	ANP32BP2
44660880	44668470	ENSG00000297748
44668547	44737681	PRR5
44675743	44676971	ENSG00000306608
44702233	44862706	PRR5-ARHGAP8
44706260	44710768	ENSG00000309628
44752558	44862788	ARHGAP8
44881162	45010005	PHF21B
44901547	44902471	ENSG00000293370
44901592	44902430	RPL6P28
45000565	45003619	ENSG00000230922
45024161	45074205	ENSG00000308760
45072522	45091185	ENSG00000308781
45133020	45163862	NUP50-DT
45155539	45156011	ENSG00000273243
45163925	45188017	NUP50
45178990	45179310	ENSG00000273353
45192244	45240894	KIAA0930
45200954	45201019	MIR1249
45246605	45246945	ENSG00000293744
45254431	45269169	ENSG00000273287
45268313	45269063	ENSG00000298378
45273650	45284828	ENSG00000301739
45275599	45276085	ENSG00000213752
45284949	45295874	UPK3A
45308968	45341955	FAM118A
45344063	45413619	SMC1B
45413693	45432509	RIBC2
45435692	45448743	ENSG00000232363
45502238	45601135	FBLN1
45604413	45639173	LINC01589
45624531	45624632	RNU6-1161P
45639639	45656759	ENSG00000307862
45657019	45680130	ENSG00000280383
45671798	45845307	ATXN10
45760524	45760598	MIR4762
45792418	45793636	TRNT1P2
45864600	45865179	ENSG00000294602
45875932	45894416	ENSG00000279954
45875967	45891465	ENSG00000235091
45909555	45911792	ENSG00000297345
45920366	45977162	WNT7B
46006616	46010777	ENSG00000280424
46010951	46014320	ENSG00000293884
46013240	46015503	ENSG00000273145
46020769	46028081	ENSG00000300548
46036104	46041098	ENSG00000303445
46039907	46048412	LINC00899
46044913	46116382	MIRLET7BHG
46049478	46054144	PRR34
46055740	46058160	ENSG00000231010
46062901	46063814	ENSG00000303537
46067061	46071539	LINC02939
46069752	46070807	ENSG00000289044
46080557	46081995	ENSG00000303516
46083504	46085878	ENSG00000303492
46091044	46091126	MIR3619
46112749	46112822	MIRLET7A3
46113566	46113657	MIR4763
46113686	46113768	MIRLET7B
46129589	46144031	ENSG00000310052
46134666	46151394	ENSG00000310037
46150521	46243755	PPARA
46161037	46172233	ENSG00000310070
46163303	46165347	ENSG00000280384
46244011	46250311	CDPF1
46245907	46255719	ENSG00000310243
46250385	46252188	ENSG00000289858
46255663	46263343	PKDREJ
46267961	46294008	TTC38
46295143	46296660	GTSE1-DT
46296870	46330810	GTSE1
46330875	46357340	TRMU
46360834	46537620	CELSR1
46376983	46384775	ENSG00000297903
46481329	46481760	FAM136EP
46537892	46557010	LINC02925
46540752	46561662	ENSG00000306064
46576012	46679790	GRAMD4
46590530	46592888	ENSG00000299567
46684410	46738252	CERK
46746105	46749412	ENSG00000300169
46761879	46762613	TBC1D22A-DT
46762617	47175699	TBC1D22A
46914092	46916042	TBC1D22A-AS1
47115838	47117217	ENSG00000278881
47128918	47130046	ENSG00000302054
47230627	47231962	ENSG00000296742
47259366	47261007	ENSG00000280312
47329227	47373541	ENSG00000224715
47372961	47373702	ENSG00000303026
47402297	47488149	LINC01644
47612231	47631569	LINC00898
47630827	48023004	EPIC1
47632599	47633595	ENSG00000305190
47662559	47663603	ENSG00000232897
47897165	47897564	ENSG00000305206
47916728	47926264	ENSG00000279712
48044710	48048549	ENSG00000235154
48052646	48058275	ENSG00000278890
48139458	48141253	ENSG00000238192
48141404	48143279	ENSG00000229275
48167171	48210333	ENSG00000306452
48254903	48259116	ENSG00000285707
48274364	48274415	MIR3201
48278174	48279679	ENSG00000305333
48320412	48333199	ENSG00000288540
48320639	48321540	ENSG00000304445
48340001	48340773	ENSG00000299267
48341555	48342700	ENSG00000306130
48341567	48343977	ENSG00000306112
48345336	48350754	ENSG00000296627
48403462	48415571	ENSG00000285855
48448890	48468515	ENSG00000233179
48474135	48489324	ENSG00000287225
48488060	48489058	ENSG00000297505
48489553	48850912	TAFA5
48538900	48547409	ENSG00000281732
48584381	48584636	ENSG00000294606
48780295	48780353	MIR4535
48866770	48898386	LINC01310
48958442	48974823	ENSG00000299733
49036843	49045976	ENSG00000307761
49043919	49052549	NHIP
49147460	49156815	ENSG00000296052
49166421	49188062	ENSG00000285623
49213911	49214247	RPL35P8
49264201	49266080	ENSG00000280199
49284867	49304842	ENSG00000300754
49352495	49354431	ENSG00000300226
49359024	49364008	ENSG00000304424
49369372	49377131	ENSG00000285722
49414523	49658432	MIR3667HG
49460831	49462753	ENSG00000303177
49497483	49524386	ENSG00000298026
49500568	49501585	ENSG00000280224
49526111	49530415	ENSG00000298068
49534062	49534926	ENSG00000279597
49536556	49541598	ENSG00000298045
49543393	49543466	MIR3667
49548681	49556473	ENSG00000212939
49572264	49575427	ENSG00000213279
49575623	49576120	ENSG00000298130
49614897	49616165	ENSG00000298102
49630265	49631394	ENSG00000288834
49660056	49662007	ENSG00000298965
49662312	49664968	ENSG00000286393
49668698	49669409	ENSG00000307928
49718053	49724506	ENSG00000226954
49738677	49739003	RN7SKP252
49757627	49758980	RPL5P35
49773278	49827873	BRD1
49805452	49807208	ENSG00000279345
49817248	49817712	ENSG00000236867
49832449	49838901	ENSG00000260613
49845260	49848697	ENSG00000309455
49845929	49846090	ENSG00000229409
49846456	49846720	Metazoa_SRP
49851425	49853364	ENSG00000279494
49853844	49897383	ZBED4
49900229	49918438	ALG12
49902228	49904576	ENSG00000273192
49918167	49927540	CRELD2
49933184	49935331	ENSG00000278869
49934414	49935203	ENSG00000304008
49947203	49949105	ENSG00000297074
49951368	49952531	ENSG00000301505
49952577	49955116	ENSG00000299581
49960768	49964072	PIM3
49962866	49962939	MIR6821
49971033	49971317	ENSG00000300623
49991811	50012765	IL17REL
50018575	50058298	TTLL8
50059391	50085426	MLC1
50090006	50161690	MOV10L1
50092745	50096437	ENSG00000280395
50170731	50180295	PANX2
50185913	50199598	TRABD
50191724	50192402	ENSG00000273188
50199049	50201596	TRABD-AS1
50201011	50217616	SELENOO
50205585	50206062	ENSG00000272836
50208461	50209542	SELENOO-AS1
50217689	50245023	TUBGCP6
50244610	50247122	ENSG00000288871
50245183	50251405	HDAC10
50245450	50261716	MAPK12
50263713	50270767	MAPK11
50271905	50274135	ENSG00000294313
50274979	50307646	PLXNB2
50309030	50327012	DENND6B
50314631	50316008	ENSG00000227484
50316035	50317025	ENSG00000279182
50343304	50445090	PPP6R2
50443219	50483923	SBF1
50481543	50486440	ADM2
50486784	50490648	MIOX
50502949	50507702	LMF2
50508224	50524780	NCAPH2
50523568	50526461	SCO2
50523926	50524780	ENSG00000272821
50525752	50530032	TYMP
50529710	50532506	CIMAP1B
50531072	50539152	ENSG00000296451
50537708	50539664	ENSG00000296469
50541108	50543042	ENSG00000273272
50541491	50541847	ENSG00000289947
50542299	50548994	KLHDC7B-DT
50545899	50551023	KLHDC7B
50551112	50562919	SYCE3
50568861	50578465	CPT1B
50568869	50582965	CHKB-CPT1B
50578959	50601455	CHKB
50583026	50597599	CHKB-DT
50600793	50613981	MAPK8IP2
50622754	50628173	ARSA
50628243	50636006	ENSG00000289244
50641978	50653123	ENSG00000308444
50664426	50674856	ENSG00000301328
50669804	50669901	Y_RNA
50672714	50674336	ENSG00000286508
50674408	50733212	SHANK3
50691260	50691363	RNU6-409P
50735813	50738173	ENSG00000225929
50738196	50745339	ACR
50740593	50743520	ENSG00000254499
50754675	50755434	SNRPA1P2
50756831	50801309	ENSG00000291064
50767501	50783667	RABL2B
50797082	50798991	ENSG00000307555
50798655	50799123	RPL23AP82
