fold,human_gene,target_gene,h_chrom,h_strand,h_gc,h_rep,t_chrom,t_strand,t_gc,t_rep
train,ENSG00000167985,ENSMMUG00000015281,chr11,+,0.6620,0.0000,14,-,0.4500,0.3960
test,ENSG00000137074,ENSMMUG00000007724,chr9,-,0.6630,0.0000,15,+,0.6610,0.0200
test,ENSG00000207617,ENSMMUG00000026971,chr9,-,0.5590,0.0000,15,+,0.5650,0.0000
train,ENSG00000089916,ENSMMUG00000008792,chr14,+,0.4740,0.0000,7,+,0.4710,0.5610
train,ENSG00000213215,ENSMMUG00000019855,chr7,+,0.3840,0.0000,3,+,0.3510,0.4960
train,ENSG00000115993,ENSMMUG00000023812,chr2,-,0.6840,0.0000,12,-,0.6730,0.0360
train,ENSG00000150540,ENSMMUG00000006918,chr2,+,0.4670,0.0000,12,+,0.4220,0.0920
train,ENSG00000129484,ENSMMUG00000016253,chr14,+,0.5620,0.0000,7,+,0.5020,0.5780
val,ENSG00000122884,ENSMMUG00000011274,chr10,-,0.4420,0.0000,9,+,0.4810,0.1730
train,ENSG00000181856,ENSMMUG00000022709,chr17,+,0.6490,0.0000,16,+,0.6450,0.0280
train,ENSG00000116544,ENSMMUG00000004998,chr1,-,0.7370,0.0000,1,+,0.7480,0.2160
train,ENSG00000100427,ENSMMUG00000009119,chr22,-,0.4660,0.0000,10,+,0.4210,0.0070
train,ENSG00000187510,ENSMMUG00000002243,chr12,+,0.4160,0.0000,11,+,0.4400,0.5770
train,ENSG00000252934,ENSMMUG00000036655,chr2,-,0.3500,0.0000,13,+,0.3450,0.3960
train,ENSG00000106263,ENSMMUG00000015529,chr7,+,0.5080,0.0000,3,+,0.5820,0.0960
train,ENSG00000102738,ENSMMUG00000001899,chr13,-,0.5320,0.0000,17,-,0.5320,0.5130
train,ENSG00000179695,ENSMMUG00000019052,chr12,+,0.3310,0.0000,11,+,0.3390,0.2350
train,ENSG00000080845,ENSMMUG00000016448,chr20,+,0.6550,0.0000,10,+,0.5390,0.5080
train,ENSG00000149577,ENSMMUG00000002053,chr11,+,0.4730,0.0000,14,+,0.4820,0.3360
train,ENSG00000140455,ENSMMUG00000012114,chr15,+,0.6090,0.0000,7,+,0.6110,0.1800
train,ENSG00000159450,ENSMMUG00000056263,chr1,-,0.3850,0.0000,1,+,0.3500,0.0060
train,ENSG00000252729,ENSMMUG00000046324,chr17,+,0.4590,0.0000,16,+,0.4580,0.5290
train,ENSG00000186212,ENSMMUG00000018186,chr4,-,0.4990,0.0000,5,+,0.5870,0.0120
train,ENSG00000102891,ENSMMUG00000016108,chr16,+,0.5510,0.0000,20,+,0.5490,0.5030
train,ENSG00000109705,ENSMMUG00000062096,chr4,-,0.6060,0.0000,5,-,0.5440,0.0540
train,ENSG00000169679,ENSMMUG00000017653,chr2,-,0.5490,0.0000,13,+,0.5270,0.2870
train,ENSG00000240993,ENSMMUG00000048652,chr12,-,0.3860,0.0000,11,-,0.3770,0.8970
test,ENSG00000196711,ENSMMUG00000042459,chr8,-,0.6270,0.0000,8,-,0.6640,0.0000
test,ENSG00000148399,ENSMMUG00000019609,chr9,-,0.6100,0.0000,15,+,0.6270,0.4150
train,ENSG00000169018,ENSMMUG00000008311,chr15,+,0.5350,0.0000,7,+,0.6040,0.0850
train,ENSG00000139144,ENSMMUG00000022174,chr12,+,0.3100,0.0000,11,+,0.2800,1.0000
train,ENSG00000143036,ENSMMUG00000001686,chr1,+,0.5750,0.0000,1,-,0.5880,0.5350
train,ENSG00000174697,ENSMMUG00000005322,chr7,+,0.6330,0.0000,3,+,0.5630,0.5210
train,ENSG00000151475,ENSMMUG00000061247,chr4,+,0.4590,0.0000,5,+,0.4660,0.4250
train,ENSG00000182118,ENSMMUG00000008191,chr1,-,0.7190,0.0000,1,+,0.7000,0.3300
train,ENSG00000060558,ENSMMUG00000047845,chr19,+,0.4900,0.0000,19,+,0.4970,0.5030
val,ENSG00000243446,ENSMMUG00000047576,chr10,-,0.4360,0.0000,9,+,0.4240,0.5230
train,ENSG00000143924,ENSMMUG00000016277,chr2,+,0.5470,0.0000,13,-,0.4930,0.2780
train,ENSG00000207457,ENSMMUG00000057469,chr22,+,0.4420,0.0000,10,-,0.4560,0.6140
train,ENSG00000239002,ENSMMUG00000036830,chr12,+,0.4310,0.0000,11,+,0.4260,0.3790
train,ENSG00000151694,ENSMMUG00000012921,chr2,-,0.4050,0.0000,13,+,0.6070,0.0270
train,ENSG00000243671,ENSMMUG00000043888,chr13,-,0.2790,0.0000,17,-,0.2990,0.9640
train,ENSG00000133627,ENSMMUG00000018920,chr7,+,0.4940,0.0000,3,+,0.4930,0.6570
test,ENSG00000168495,ENSMMUG00000023226,chr8,+,0.5650,0.0000,8,+,0.5510,0.2790
train,ENSG00000205339,ENSMMUG00000023636,chr11,+,0.4700,0.0000,14,-,0.3850,0.6460
train,ENSG00000188107,ENSMMUG00000041338,chr6,-,0.3020,0.0000,4,+,0.3270,0.4790
train,ENSG00000154655,ENSMMUG00000016302,chr18,-,0.4350,0.0000,18,-,0.4090,0.3720
train,ENSG00000137171,ENSMMUG00000011668,chr6,+,0.5860,0.0000,4,-,0.4810,0.2090
train,ENSG00000162951,ENSMMUG00000000291,chr2,-,0.4590,0.0000,13,+,0.4610,0.0440
train,ENSG00000141194,ENSMMUG00000011975,chr17,+,0.3790,0.0000,16,-,0.3970,0.3120
train,ENSG00000108576,ENSMMUG00000003515,chr17,-,0.5170,0.0000,16,-,0.4660,0.0000
train,ENSG00000108813,ENSMMUG00000017658,chr17,+,0.4800,0.0000,16,-,0.6790,0.0710
train,ENSG00000172936,ENSMMUG00000000995,chr3,+,0.5730,0.0000,2,+,0.5780,0.1570
train,ENSG00000104824,ENSMMUG00000004877,chr19,-,0.5710,0.0000,19,-,0.5660,0.0000
train,ENSG00000199516,ENSMMUG00000052623,chr7,+,0.4320,0.0000,3,+,0.4430,0.7130
train,ENSG00000238917,ENSMMUG00000037310,chr17,+,0.4830,0.0000,16,+,0.5030,0.5520
train,ENSG00000137273,ENSMMUG00000004540,chr6,+,0.6060,0.0000,4,-,0.6010,0.3420
train,ENSG00000172292,ENSMMUG00000043509,chr2,+,0.5640,0.0000,12,+,0.5930,0.0680
train,ENSG00000167771,ENSMMUG00000014133,chr11,-,0.6990,0.0000,14,+,0.6350,0.0140
test,ENSG00000200261,ENSMMUG00000026826,chr9,+,0.4270,0.0000,15,-,0.4430,0.1360
train,ENSG00000122965,ENSMMUG00000010496,chr12,-,0.4830,0.0000,11,-,0.4830,0.3100
train,ENSG00000076258,ENSMMUG00000014230,chr1,+,0.4030,0.0000,1,+,0.3990,0.2020
train,ENSG00000182400,ENSMMUG00000021027,chr14,-,0.4470,0.0000,7,-,0.4590,0.3230
val,ENSG00000203795,ENSMMUG00000057705,chr10,+,0.4170,0.0000,9,+,0.4350,0.0090
train,ENSG00000197520,ENSMMUG00000058808,chr1,+,0.4100,0.0000,1,+,0.3910,0.9380
train,ENSG00000174990,ENSMMUG00000041867,chr16,-,0.5370,0.0000,20,-,0.4950,0.4750
train,ENSG00000173193,ENSMMUG00000022569,chr3,+,0.5200,0.0000,2,-,0.5280,0.3680
test,ENSG00000167118,ENSMMUG00000018612,chr9,+,0.5390,0.0000,15,-,0.5340,0.6730
train,ENSG00000138078,ENSMMUG00000006311,chr2,-,0.5910,0.0000,13,+,0.6060,0.0200
train,ENSG00000132676,ENSMMUG00000018080,chr1,+,0.4580,0.0000,1,-,0.4370,0.2300
test,ENSG00000165102,ENSMMUG00000047028,chr8,+,0.5690,0.0000,8,+,0.5820,0.3370
train,ENSG00000186480,ENSMMUG00000062591,chr7,+,0.6930,0.0000,3,+,0.7070,0.2620
train,ENSG00000243420,ENSMMUG00000042476,chr12,-,0.3720,0.0000,11,-,0.3650,0.4250
test,ENSG00000154582,ENSMMUG00000005155,chr8,-,0.4790,0.0000,8,-,0.5360,0.0080
train,ENSG00000213020,ENSMMUG00000006472,chr19,-,0.5420,0.0000,19,-,0.5190,0.5260
train,ENSG00000162616,ENSMMUG00000050425,chr1,+,0.5090,0.0000,1,-,0.4830,0.0230
train,ENSG00000128159,ENSMMUG00000014100,chr22,-,0.6900,0.0000,10,+,0.6840,0.1950
train,ENSG00000137720,ENSMMUG00000053898,chr11,+,0.4720,0.0000,14,+,0.5130,0.0220
train,ENSG00000221043,ENSMMUG00000024350,chr5,-,0.3650,0.0000,6,-,0.3440,0.9860
train,ENSG00000206614,ENSMMUG00000024171,chr5,+,0.3780,0.0000,6,+,0.3820,0.7850
train,ENSG00000100372,ENSMMUG00000008106,chr22,-,0.4930,0.0000,10,+,0.4930,0.2260
test,ENSG00000253602,ENSMMUG00000041901,chr8,-,0.5860,0.0000,8,-,0.5880,0.3820
train,ENSG00000100938,ENSMMUG00000012455,chr14,+,0.5710,0.0000,7,+,0.5680,0.0360
val,ENSG00000166272,ENSMMUG00000052989,chr10,+,0.4520,0.0000,9,+,0.6680,0.0690
train,ENSG00000100359,ENSMMUG00000008135,chr22,+,0.5180,0.0000,10,-,0.4490,0.4530
train,ENSG00000238832,ENSMMUG00000036250,chr7,+,0.3810,0.0000,3,+,0.3890,0.3610
train,ENSG00000101938,ENSMMUG00000016666,chrX,-,0.5870,0.0000,X,-,0.4770,0.2380
train,ENSG00000137310,ENSMMUG00000015682,chr6,+,0.5800,0.0000,4,-,0.5860,0.0830
test,ENSG00000243136,ENSMMUG00000048375,chr9,+,0.4850,0.0000,15,-,0.4690,0.9330
train,ENSG00000207075,ENSMMUG00000026217,chr4,-,0.4030,0.0000,5,-,0.4120,0.0000
train,ENSG00000154174,ENSMMUG00000020025,chr3,-,0.5380,0.0000,2,+,0.4500,0.1480
test,ENSG00000014164,ENSMMUG00000058733,chr8,-,0.5810,0.0000,8,-,0.5840,0.5750
train,ENSG00000137760,ENSMMUG00000005437,chr11,-,0.4670,0.0000,14,-,0.4530,0.4870
train,ENSG00000100030,ENSMMUG00000012524,chr22,-,0.5870,0.0000,10,+,0.6160,0.2970
train,ENSG00000171634,ENSMMUG00000009734,chr17,+,0.6110,0.0000,16,+,0.6750,0.2230
train,ENSG00000101361,ENSMMUG00000013888,chr20,+,0.5810,0.0000,10,-,0.6070,0.1250
test,ENSG00000196642,ENSMMUG00000005042,chr9,+,0.6730,0.0000,15,-,0.6530,0.3840
train,ENSG00000164007,ENSMMUG00000057076,chr1,-,0.6050,0.0000,1,+,0.6310,0.0270
train,ENSG00000163331,ENSMMUG00000052818,chr2,+,0.3780,0.0000,12,+,0.3250,0.8080
train,ENSG00000143198,ENSMMUG00000015948,chr1,+,0.5890,0.0000,1,+,0.5970,0.0510
train,ENSG00000147113,ENSMMUG00000041157,chrX,-,0.5230,0.0000,X,-,0.5230,0.0000
train,ENSG00000100926,ENSMMUG00000012493,chr14,-,0.5650,0.0000,7,-,0.4790,0.0000
train,ENSG00000181885,ENSMMUG00000010551,chr17,-,0.4740,0.0000,16,-,0.6470,0.0830
train,ENSG00000106211,ENSMMUG00000056744,chr7,+,0.5400,0.0000,3,-,0.5510,0.5250
train,ENSG00000164690,ENSMMUG00000062128,chr7,-,0.5080,0.0000,3,-,0.5090,0.0500
train,ENSG00000131475,ENSMMUG00000002149,chr17,+,0.4900,0.0000,16,+,0.4840,0.5760
test,ENSG00000204612,ENSMMUG00000021769,chr9,+,0.6400,0.0000,15,+,0.6440,0.0000
train,ENSG00000171596,ENSMMUG00000039169,chr2,-,0.6300,0.0000,12,-,0.6380,0.0490
train,ENSG00000091483,ENSMMUG00000005667,chr1,-,0.3450,0.0000,1,+,0.3620,0.1070
val,ENSG00000122859,ENSMMUG00000008956,chr10,-,0.5850,0.0000,9,+,0.6110,0.1630
train,ENSG00000163736,ENSMMUG00000042371,chr4,-,0.3440,0.0000,5,+,0.3250,0.1690
train,ENSG00000088986,ENSMMUG00000001194,chr12,+,0.7040,0.0000,11,+,0.5560,0.2660
train,ENSG00000206639,ENSMMUG00000063919,chrX,+,0.3090,0.0000,X,+,0.3190,0.3230
train,ENSG00000140577,ENSMMUG00000008886,chr15,+,0.6670,0.0000,7,+,0.4090,0.8670
train,ENSG00000201570,ENSMMUG00000028312,chr3,+,0.3890,0.0000,2,+,0.3710,0.9740
train,ENSG00000100221,ENSMMUG00000021083,chr22,-,0.5240,0.0000,10,+,0.7180,0.0370
train,ENSG00000229474,ENSMMUG00000014294,chr15,-,0.5980,0.0000,7,-,0.4840,0.0070
train,ENSG00000212518,ENSMMUG00000034274,chr14,+,0.3250,0.0000,7,+,0.3930,0.4850
train,ENSG00000140030,ENSMMUG00000017260,chr14,+,0.3170,0.0000,7,+,0.3260,0.3030
train,ENSG00000134987,ENSMMUG00000004670,chr5,+,0.4310,0.0000,6,+,0.5500,0.0460
train,ENSG00000164508,ENSMMUG00000039988,chr6,-,0.4850,0.0000,4,+,0.4570,0.1340
train,ENSG00000099991,ENSMMUG00000020992,chr22,+,0.4510,0.0000,10,+,0.4660,0.2130
test,ENSG00000119321,ENSMMUG00000000173,chr9,-,0.5570,0.0000,15,+,0.5930,0.2180
train,ENSG00000124145,ENSMMUG00000048424,chr20,-,0.5230,0.0000,10,-,0.5220,0.7290
train,ENSG00000274640,ENSMMUG00000063211,chr15,+,0.3700,0.0000,7,-,0.3930,0.4350
train,ENSG00000186283,ENSMMUG00000006261,chr1,+,0.5440,0.0000,1,+,0.5350,0.0000
train,ENSG00000172269,ENSMMUG00000014872,chr11,-,0.5290,0.0000,14,-,0.5070,0.0800
train,ENSG00000141391,ENSMMUG00000050745,chr18,+,0.5620,0.0000,18,+,0.5060,0.5900
train,ENSG00000271798,ENSMMUG00000026454,chr20,+,0.5100,0.0000,10,-,0.4970,0.0070
train,ENSG00000132952,ENSMMUG00000007597,chr13,+,0.5360,0.0000,17,+,0.6100,0.0000
train,ENSG00000113211,ENSMMUG00000062723,chr5,+,0.3510,0.0000,6,+,0.3650,0.0000
train,ENSG00000169991,ENSMMUG00000004754,chr1,-,0.6810,0.0000,1,+,0.6790,0.0110
train,ENSG00000175643,ENSMMUG00000056849,chr16,+,0.5750,0.0000,20,+,0.4220,0.5750
test,ENSG00000159167,ENSMMUG00000046186,chr8,-,0.4170,0.0000,8,-,0.4120,0.0950
train,ENSG00000273604,ENSMMUG00000013378,chr17,-,0.5220,0.0000,16,-,0.6060,0.1050
test,ENSG00000155099,ENSMMUG00000051364,chr8,-,0.4470,0.0000,8,-,0.4090,0.3090
train,ENSG00000137674,ENSMMUG00000011013,chr11,-,0.3770,0.0000,14,-,0.3690,0.2540
train,ENSG00000200206,ENSMMUG00000025585,chr15,-,0.3490,0.0000,7,-,0.3380,0.9910
train,ENSG00000206693,ENSMMUG00000024169,chrX,+,0.5260,0.0000,X,+,0.5220,0.0000
train,ENSG00000131408,ENSMMUG00000023418,chr19,+,0.7060,0.0000,19,+,0.5390,0.3750
test,ENSG00000106993,ENSMMUG00000000141,chr9,+,0.4410,0.0000,15,-,0.4540,0.1620
train,ENSG00000154611,ENSMMUG00000018066,chr18,+,0.4570,0.0000,18,-,0.3820,0.2760
train,ENSG00000182473,ENSMMUG00000008885,chr17,-,0.7010,0.0000,16,-,0.5800,0.3160
train,ENSG00000160145,ENSMMUG00000003851,chr3,+,0.6630,0.0000,2,-,0.7350,0.1980
train,ENSG00000200799,ENSMMUG00000025063,chr6,+,0.3590,0.0000,4,+,0.3540,1.0000
train,ENSG00000207800,ENSMMUG00000027068,chrX,-,0.3660,0.0000,X,-,0.3660,0.6080
train,ENSG00000122176,ENSMMUG00000021642,chr1,-,0.4810,0.0000,1,-,0.4260,0.5920
val,ENSG00000148734,ENSMMUG00000005367,chr10,-,0.4920,0.0000,9,+,0.6100,0.0670
train,ENSG00000183395,ENSMMUG00000031601,chr12,-,0.3010,0.0000,11,-,0.3170,0.2220
train,ENSG00000214253,ENSMMUG00000052148,chr7,-,0.5420,0.0000,3,-,0.5330,0.6860
train,ENSG00000176896,ENSMMUG00000022616,chrX,+,0.4630,0.0000,X,+,0.4640,0.4140
train,ENSG00000184983,ENSMMUG00000013060,chr22,-,0.5610,0.0000,10,+,0.6090,0.1120
train,ENSG00000206711,ENSMMUG00000026445,chr4,-,0.3110,0.0000,5,-,0.4000,0.7200
train,ENSG00000188784,ENSMMUG00000053964,chr1,-,0.5630,0.0000,1,+,0.5630,0.3600
val,ENSG00000187122,ENSMMUG00000010428,chr10,-,0.6060,0.0000,9,-,0.6710,0.1630
train,ENSG00000067955,ENSMMUG00000058815,chr16,+,0.5140,0.0000,20,+,0.5680,0.4030
train,ENSG00000196900,ENSMMUG00000056480,chr5,+,0.4610,0.0000,6,+,0.4650,0.7800
train,ENSG00000206974,ENSMMUG00000053826,chr6,+,0.3160,0.0000,4,+,0.3140,0.0100
train,ENSG00000070444,ENSMMUG00000022004,chr17,-,0.6690,0.0000,16,-,0.6640,0.0610
train,ENSG00000128604,ENSMMUG00000018478,chr7,+,0.5100,0.0000,3,+,0.5230,0.4240
test,ENSG00000207698,ENSMMUG00000027124,chr9,-,0.3400,0.0000,15,+,0.3400,0.0160
train,ENSG00000277846,ENSMMUG00000026160,chr11,-,0.3980,0.0000,14,+,0.3910,0.0280
val,ENSG00000057608,ENSMMUG00000013182,chr10,-,0.5000,0.0000,9,-,0.5880,0.0270
train,ENSG00000164185,ENSMMUG00000021006,chr5,+,0.4480,0.0000,6,+,0.3780,0.0510
test,ENSG00000215114,ENSMMUG00000001100,chr8,+,0.4790,0.0000,8,+,0.5210,0.4450
train,ENSG00000096060,ENSMMUG00000011520,chr6,-,0.5880,0.0000,4,+,0.5830,0.3880
train,ENSG00000162399,ENSMMUG00000005735,chr1,+,0.5230,0.0000,1,-,0.5270,0.3950
train,ENSG00000206768,ENSMMUG00000060758,chr14,-,0.4280,0.0000,7,-,0.4160,0.5260
train,ENSG00000138614,ENSMMUG00000008095,chr15,-,0.5460,0.0000,7,-,0.5570,0.2120
train,ENSG00000243560,ENSMMUG00000042336,chr19,-,0.5460,0.0000,19,-,0.5450,0.4820
train,ENSG00000149599,ENSMMUG00000000970,chr20,-,0.5650,0.0000,10,-,0.6380,0.3530
train,ENSG00000099960,ENSMMUG00000063154,chr22,-,0.5370,0.0000,10,-,0.5960,0.4540
test,ENSG00000086061,ENSMMUG00000007740,chr9,+,0.5760,0.0000,15,-,0.5630,0.0950
train,ENSG00000163125,ENSMMUG00000007303,chr1,+,0.4670,0.0000,1,-,0.5740,0.0680
train,ENSG00000101421,ENSMMUG00000008084,chr20,+,0.4740,0.0000,10,+,0.4630,0.5940
test,ENSG00000183117,ENSMMUG00000023475,chr8,-,0.4860,0.0000,8,-,0.6280,0.2360
train,ENSG00000057294,ENSMMUG00000000595,chr12,-,0.5830,0.0000,11,-,0.5960,0.1850
test,ENSG00000170619,ENSMMUG00000011549,chr8,-,0.4650,0.0000,8,-,0.4690,0.9250
train,ENSG00000183304,ENSMMUG00000047671,chrX,-,0.5230,0.0000,X,-,0.5190,0.3390
train,ENSG00000165917,ENSMMUG00000009498,chr11,-,0.5800,0.0000,14,+,0.5830,0.2070
train,ENSG00000183019,ENSMMUG00000012535,chr19,+,0.5510,0.0000,19,+,0.5360,0.4050
train,ENSG00000074054,ENSMMUG00000007499,chr2,-,0.5500,0.0000,12,+,0.4560,0.4090
train,ENSG00000167842,ENSMMUG00000046195,chr17,+,0.5430,0.0000,16,+,0.5900,0.0100
train,ENSG00000201129,ENSMMUG00000060773,chr1,+,0.4180,0.0000,1,-,0.4070,0.3060
train,ENSG00000112319,ENSMMUG00000005745,chr6,+,0.3680,0.0000,4,+,0.6500,0.1380
train,ENSG00000165966,ENSMMUG00000002641,chr12,+,0.4760,0.0000,11,+,0.4970,0.0820
train,ENSG00000170561,ENSMMUG00000005802,chr5,-,0.6890,0.0000,6,-,0.7390,0.2660
train,ENSG00000065057,ENSMMUG00000002807,chr16,-,0.6320,0.0000,20,-,0.6510,0.0000
train,ENSG00000196228,ENSMMUG00000002589,chr2,+,0.4300,0.0000,13,+,0.5240,0.1110
train,ENSG00000206582,ENSMMUG00000062074,chr20,-,0.4550,0.0000,10,-,0.4480,0.3600
train,ENSG00000157895,ENSMMUG00000039520,chr12,-,0.4980,0.0000,11,-,0.4370,0.6070
train,ENSG00000181541,ENSMMUG00000039441,chr4,+,0.4400,0.0000,5,+,0.3780,0.0590
train,ENSG00000166821,ENSMMUG00000051701,chr15,-,0.5210,0.0000,7,-,0.5190,0.2950
train,ENSG00000207174,ENSMMUG00000053417,chr15,+,0.5050,0.0000,7,-,0.5050,0.0000
train,ENSG00000151353,ENSMMUG00000042598,chr2,-,0.4430,0.0000,13,+,0.4430,0.0850
train,ENSG00000145982,ENSMMUG00000016352,chr6,+,0.5860,0.0000,4,-,0.5680,0.0840
train,ENSG00000000005,ENSMMUG00000008212,chrX,+,0.3780,0.0000,X,+,0.3710,0.7800
train,ENSG00000103510,ENSMMUG00000002030,chr16,+,0.4980,0.0000,20,+,0.5350,0.6050
train,ENSG00000138801,ENSMMUG00000019907,chr4,-,0.5910,0.0000,5,-,0.5630,0.3030
train,ENSG00000164778,ENSMMUG00000061717,chr7,+,0.7350,0.0000,3,+,0.7620,0.3410
train,ENSG00000120253,ENSMMUG00000047824,chr6,-,0.6520,0.0000,4,-,0.4510,0.3340
train,ENSG00000138381,ENSMMUG00000014310,chr2,+,0.3770,0.0000,12,+,0.3960,0.3980
train,ENSG00000206973,ENSMMUG00000050489,chr2,+,0.3880,0.0000,13,-,0.4700,0.3300
train,ENSG00000181544,ENSMMUG00000017839,chrX,-,0.5540,0.0000,X,-,0.5680,0.0070
train,ENSG00000100485,ENSMMUG00000007464,chr14,-,0.6120,0.0000,7,-,0.6980,0.1450
test,ENSG00000165272,ENSMMUG00000003314,chr9,-,0.6040,0.0000,15,+,0.6010,0.1380
train,ENSG00000202273,ENSMMUG00000027504,chr7,-,0.4140,0.0000,3,+,0.4050,0.4140
train,ENSG00000252550,ENSMMUG00000025305,chr13,-,0.3600,0.0000,17,-,0.3380,0.9820
test,ENSG00000154330,ENSMMUG00000008230,chr9,+,0.4350,0.0000,15,+,0.5900,0.0970
train,ENSG00000203485,ENSMMUG00000016552,chr14,+,0.6350,0.0000,7,+,0.6880,0.0670
train,ENSG00000149357,ENSMMUG00000021282,chr11,-,0.5370,0.0000,14,-,0.4730,0.2640
train,ENSG00000152684,ENSMMUG00000039101,chr5,+,0.4900,0.0000,6,+,0.4870,0.0420
train,ENSG00000138443,ENSMMUG00000000312,chr2,+,0.5180,0.0000,12,+,0.5200,0.1700
train,ENSG00000204256,ENSMMUG00000023138,chr6,+,0.5550,0.0000,4,-,0.6510,0.0230
train,ENSG00000105737,ENSMMUG00000017431,chr19,-,0.5820,0.0000,19,-,0.5760,0.1720
train,ENSG00000181036,ENSMMUG00000011335,chr1,+,0.4730,0.0000,1,-,0.5010,0.3190
test,ENSG00000207101,ENSMMUG00000057151,chr8,+,0.4200,0.0000,8,+,0.4410,0.8910
train,ENSG00000108924,ENSMMUG00000022627,chr17,+,0.5560,0.0000,16,-,0.5650,0.3090
train,ENSG00000079246,ENSMMUG00000001927,chr2,+,0.4190,0.0000,12,+,0.4580,0.2950
train,ENSG00000135932,ENSMMUG00000009793,chr2,+,0.5400,0.0000,12,+,0.5230,0.5520
train,ENSG00000054598,ENSMMUG00000005778,chr6,+,0.7360,0.0000,4,-,0.7610,0.2790
train,ENSG00000243817,ENSMMUG00000039906,chr14,+,0.3630,0.0000,7,+,0.3470,0.9570
train,ENSG00000128536,ENSMMUG00000008189,chr7,+,0.5640,0.0000,3,+,0.4290,0.2830
train,ENSG00000207980,ENSMMUG00000026872,chr19,-,0.5810,0.0000,19,-,0.5800,0.3910
test,ENSG00000184672,ENSMMUG00000007115,chr8,+,0.4990,0.0000,8,+,0.5340,0.0870
train,ENSG00000137496,ENSMMUG00000007340,chr11,+,0.5540,0.0000,14,+,0.4080,0.5940
train,ENSG00000170445,ENSMMUG00000004481,chr5,-,0.4600,0.0000,6,-,0.4970,0.3100
train,ENSG00000120832,ENSMMUG00000022278,chr12,-,0.4800,0.0000,11,-,0.4760,0.2380
train,ENSG00000108840,ENSMMUG00000006806,chr17,-,0.5440,0.0000,16,-,0.5400,0.3710
train,ENSG00000143179,ENSMMUG00000053859,chr1,+,0.4780,0.0000,1,+,0.5580,0.1360
train,ENSG00000198712,ENSMMUG00000065380,chrM,+,0.4220,0.0000,MT,+,0.4240,0.0000
test,ENSG00000200570,ENSMMUG00000027716,chr9,+,0.3060,0.0000,15,+,0.3020,0.8160
train,ENSG00000156453,ENSMMUG00000008710,chr5,-,0.5470,0.0000,6,-,0.6880,0.2570
train,ENSG00000188186,ENSMMUG00000018401,chr7,+,0.5510,0.0000,3,+,0.4370,0.7530
train,ENSG00000104884,ENSMMUG00000014419,chr19,-,0.4940,0.0000,19,-,0.4450,0.5770
train,ENSG00000145191,ENSMMUG00000006562,chr3,+,0.5230,0.0000,2,+,0.5230,0.2340
train,ENSG00000206754,ENSMMUG00000024902,chr6,+,0.5440,0.0000,4,+,0.5400,0.0000
train,ENSG00000138685,ENSMMUG00000007419,chr4,+,0.4860,0.0000,5,+,0.5110,0.2500
train,ENSG00000169194,ENSMMUG00000003131,chr5,+,0.5880,0.0000,6,+,0.5010,0.1500
train,ENSG00000131697,ENSMMUG00000022888,chr1,-,0.6700,0.0000,1,+,0.5010,0.1290
train,ENSG00000252548,ENSMMUG00000037700,chr4,-,0.4000,0.0000,5,-,0.4020,0.4420
train,ENSG00000201574,ENSMMUG00000024640,chr2,+,0.3990,0.0000,12,+,0.3990,0.3820
train,ENSG00000198934,ENSMMUG00000049351,chrX,+,0.4410,0.0000,X,+,0.4750,0.0290
train,ENSG00000116138,ENSMMUG00000032244,chr1,+,0.4650,0.0000,1,-,0.3830,0.3000
train,ENSG00000168530,ENSMMUG00000010519,chr2,-,0.3720,0.0000,12,-,0.3780,0.0520
train,ENSG00000241128,ENSMMUG00000059455,chr1,-,0.3200,0.0000,1,+,0.3020,0.1110
train,ENSG00000200754,ENSMMUG00000028086,chr21,-,0.4080,0.0000,3,+,0.4340,0.3740
val,ENSG00000185745,ENSMMUG00000017533,chr10,+,0.4390,0.0000,9,+,0.4060,0.0000
train,ENSG00000134443,ENSMMUG00000007584,chr18,+,0.5780,0.0000,18,-,0.5800,0.1550
train,ENSG00000139800,ENSMMUG00000014821,chr13,-,0.5660,0.0000,17,-,0.5630,0.0000
train,ENSG00000156603,ENSMMUG00000002562,chr11,-,0.5020,0.0000,14,+,0.5010,0.1060
train,ENSG00000147255,ENSMMUG00000011152,chrX,-,0.5100,0.0000,X,-,0.4170,0.5060
train,ENSG00000174358,ENSMMUG00000010935,chr5,+,0.6570,0.0000,6,+,0.6550,0.0000
train,ENSG00000202428,ENSMMUG00000055244,chr3,-,0.4120,0.0000,2,-,0.4320,0.9140
train,ENSG00000075914,ENSMMUG00000019130,chr3,+,0.4290,0.0000,2,+,0.6380,0.0440
val,ENSG00000060339,ENSMMUG00000016652,chr10,+,0.4700,0.0000,9,-,0.4580,0.6500
train,ENSG00000158321,ENSMMUG00000017675,chr7,+,0.7240,0.0000,3,+,0.6090,0.2680
train,ENSG00000111644,ENSMMUG00000016983,chr12,-,0.5270,0.0000,11,-,0.5290,0.8390
train,ENSG00000174527,ENSMMUG00000042728,chr12,+,0.4270,0.0000,11,+,0.4390,0.7330
train,ENSG00000114446,ENSMMUG00000008786,chr3,-,0.4450,0.0000,2,+,0.4600,0.0070
train,ENSG00000172115,ENSMMUG00000051205,chr7,-,0.5060,0.0000,3,+,0.5500,0.0000
train,ENSG00000182223,ENSMMUG00000006704,chr4,+,0.4990,0.0000,5,+,0.4040,0.0590
train,ENSG00000101577,ENSMMUG00000017548,chr18,-,0.5940,0.0000,18,-,0.5680,0.6290
train,ENSG00000125409,ENSMMUG00000002208,chr17,-,0.5200,0.0000,16,-,0.3530,0.8960
train,ENSG00000157510,ENSMMUG00000021660,chr5,+,0.5400,0.0000,6,+,0.4230,0.5070
train,ENSG00000186038,ENSMMUG00000047491,chr3,+,0.4150,0.0000,2,+,0.4600,0.6240
train,ENSG00000125831,ENSMMUG00000022393,chr20,-,0.5750,0.0000,10,+,0.5700,0.1130
train,ENSG00000186654,ENSMMUG00000065248,chr22,+,0.5960,0.0000,10,-,0.6380,0.2410
train,ENSG00000175697,ENSMMUG00000001981,chr3,-,0.5310,0.0000,2,+,0.3790,0.0990
train,ENSG00000146399,ENSMMUG00000015088,chr6,-,0.3610,0.0000,4,-,0.3270,0.3250
train,ENSG00000129675,ENSMMUG00000013768,chrX,-,0.4290,0.0000,X,-,0.4420,0.0440
train,ENSG00000111328,ENSMMUG00000000434,chr12,-,0.4460,0.0000,11,-,0.6550,0.3890
test,ENSG00000134013,ENSMMUG00000050549,chr8,-,0.4100,0.0000,8,-,0.5800,0.0870
train,ENSG00000134595,ENSMMUG00000013179,chrX,-,0.6130,0.0000,X,-,0.6230,0.0710
test,ENSG00000168828,ENSMMUG00000062401,chr9,-,0.4800,0.0000,15,+,0.4810,0.5760
train,ENSG00000133103,ENSMMUG00000004486,chr13,+,0.3830,0.0000,17,+,0.3820,0.3170
train,ENSG00000064787,ENSMMUG00000020082,chr20,-,0.4290,0.0000,10,-,0.4020,0.2260
train,ENSG00000136518,ENSMMUG00000009742,chr3,+,0.4940,0.0000,2,+,0.4870,0.4040
train,ENSG00000188157,ENSMMUG00000000838,chr1,+,0.7570,0.0000,1,-,0.7110,0.5200
train,ENSG00000202300,ENSMMUG00000028337,chr1,-,0.4790,0.0000,1,-,0.4850,0.5040
train,ENSG00000252501,ENSMMUG00000035050,chr1,-,0.4780,0.0000,1,+,0.4820,0.7340
test,ENSG00000206907,ENSMMUG00000024620,chr9,+,0.4280,0.0000,15,-,0.4300,0.6960
train,ENSG00000027869,ENSMMUG00000010917,chr1,-,0.4770,0.0000,1,+,0.5410,0.4770
train,ENSG00000182870,ENSMMUG00000003735,chr12,-,0.7010,0.0000,11,-,0.4600,0.4910
train,ENSG00000124818,ENSMMUG00000013751,chr6,+,0.3400,0.0000,4,-,0.4170,0.1770
val,ENSG00000076685,ENSMMUG00000003749,chr10,-,0.6560,0.0000,9,-,0.5590,0.5060
train,ENSG00000013016,ENSMMUG00000003476,chr2,+,0.5030,0.0000,13,-,0.5070,0.3960
train,ENSG00000197977,ENSMMUG00000013908,chr6,-,0.6620,0.0000,4,+,0.6650,0.3850
val,ENSG00000065154,ENSMMUG00000010485,chr10,-,0.5960,0.0000,9,-,0.5930,0.2190
train,ENSG00000114378,ENSMMUG00000020121,chr3,-,0.6060,0.0000,2,-,0.5250,0.6790
train,ENSG00000158292,ENSMMUG00000057977,chr1,-,0.6850,0.0000,1,+,0.5000,0.8860
train,ENSG00000135540,ENSMMUG00000000123,chr6,-,0.7800,0.0000,4,-,0.7520,0.3410
train,ENSG00000139668,ENSMMUG00000009421,chr13,+,0.6160,0.0000,17,+,0.6580,0.2870
train,ENSG00000200034,ENSMMUG00000028251,chr2,-,0.4900,0.0000,13,+,0.4880,0.4630
train,ENSG00000273885,ENSMMUG00000028064,chr11,+,0.3770,0.0000,14,+,0.3710,0.2660
train,ENSG00000173852,ENSMMUG00000009865,chr7,-,0.4310,0.0000,3,+,0.5760,0.0170
test,ENSG00000283526,ENSMMUG00000058925,chr9,+,0.5450,0.0000,15,-,0.5740,0.5620
train,ENSG00000091972,ENSMMUG00000016076,chr3,+,0.4730,0.0000,2,-,0.3390,0.6450
train,ENSG00000069493,ENSMMUG00000015293,chr12,+,0.3720,0.0000,11,-,0.4060,0.3310
train,ENSG00000207099,ENSMMUG00000061741,chr12,+,0.3820,0.0000,11,+,0.3870,0.3560
train,ENSG00000168769,ENSMMUG00000017831,chr4,+,0.3870,0.0000,5,+,0.3500,0.1140
train,ENSG00000118276,ENSMMUG00000016674,chr18,-,0.4330,0.0000,18,+,0.5290,0.0000
train,ENSG00000000419,ENSMMUG00000002759,chr20,-,0.5920,0.0000,10,-,0.5740,0.0000
train,ENSG00000067365,ENSMMUG00000006900,chr16,+,0.5000,0.0000,20,+,0.4950,0.6620
train,ENSG00000168538,ENSMMUG00000023651,chr4,+,0.5920,0.0000,5,+,0.5210,0.2360
test,ENSG00000147604,ENSMMUG00000005141,chr8,-,0.4030,0.0000,8,-,0.6280,0.0880
train,ENSG00000143633,ENSMMUG00000005803,chr1,-,0.5410,0.0000,1,+,0.5450,0.0070
train,ENSG00000164037,ENSMMUG00000011206,chr4,-,0.4530,0.0000,5,-,0.4440,0.3730
train,ENSG00000134107,ENSMMUG00000056699,chr3,+,0.7110,0.0000,2,+,0.7150,0.0750
train,ENSG00000118873,ENSMMUG00000007784,chr1,-,0.3920,0.0000,1,-,0.3940,0.4820
train,ENSG00000143632,ENSMMUG00000022086,chr1,-,0.6530,0.0000,1,+,0.6560,0.0070
train,ENSG00000061656,ENSMMUG00000020959,chr20,+,0.5240,0.0000,10,+,0.5520,0.6460
train,ENSG00000077238,ENSMMUG00000004666,chr16,+,0.5190,0.0000,20,+,0.5130,0.7440
train,ENSG00000173769,ENSMMUG00000015127,chr3,+,0.4960,0.0000,2,+,0.5520,0.5490
train,ENSG00000113302,ENSMMUG00000021701,chr5,-,0.5810,0.0000,6,-,0.4660,0.2610
val,ENSG00000170324,ENSMMUG00000004056,chr10,-,0.5090,0.0000,9,+,0.4970,0.1990
train,ENSG00000240936,ENSMMUG00000047337,chr6,-,0.4480,0.0000,4,+,0.4470,0.9670
train,ENSG00000140400,ENSMMUG00000009279,chr15,-,0.4660,0.0000,7,-,0.4760,0.0170
train,ENSG00000130270,ENSMMUG00000002846,chr19,-,0.6750,0.0000,19,-,0.6890,0.3750
train,ENSG00000119888,ENSMMUG00000012390,chr2,+,0.4540,0.0000,13,-,0.4700,0.3570
train,ENSG00000183762,ENSMMUG00000021370,chr22,+,0.5760,0.0000,10,-,0.6190,0.6340
test,ENSG00000214050,ENSMMUG00000007480,chr8,-,0.4350,0.0000,8,-,0.4300,0.3210
train,ENSG00000151247,ENSMMUG00000011066,chr4,-,0.5200,0.0000,5,-,0.5280,0.2000
train,ENSG00000184307,ENSMMUG00000001946,chr3,+,0.5200,0.0000,2,-,0.7290,0.1740
test,ENSG00000164929,ENSMMUG00000019398,chr8,+,0.5420,0.0000,8,+,0.5610,0.2940
train,ENSG00000106603,ENSMMUG00000019023,chr7,-,0.3830,0.0000,3,+,0.5010,0.6310
train,ENSG00000201965,ENSMMUG00000026385,chr3,-,0.5810,0.0000,2,-,0.5840,0.0880
train,ENSG00000201616,ENSMMUG00000026782,chr11,-,0.5350,0.0000,14,-,0.5340,0.7470
train,ENSG00000143167,ENSMMUG00000065239,chr1,-,0.4600,0.0000,1,-,0.3950,0.9700
train,ENSG00000104946,ENSMMUG00000011626,chr19,+,0.5710,0.0000,19,+,0.5850,0.0200
train,ENSG00000168056,ENSMMUG00000023479,chr11,-,0.6030,0.0000,14,+,0.7100,0.2950
test,ENSG00000119457,ENSMMUG00000000568,chr9,-,0.6040,0.0000,15,+,0.6280,0.0000
train,ENSG00000168269,ENSMMUG00000014124,chr5,+,0.5630,0.0000,6,+,0.5490,0.3900
train,ENSG00000150907,ENSMMUG00000030780,chr13,-,0.6510,0.0000,17,-,0.6760,0.2650
train,ENSG00000169248,ENSMMUG00000053130,chr4,-,0.2880,0.0000,5,+,0.3930,0.1970
train,ENSG00000212466,ENSMMUG00000025655,chr11,+,0.3780,0.0000,14,+,0.3790,0.3450
train,ENSG00000160392,ENSMMUG00000008946,chr19,-,0.5220,0.0000,19,-,0.5550,0.1890
train,ENSG00000204542,ENSMMUG00000057952,chr6,-,0.5020,0.0000,4,+,0.5210,0.4600
test,ENSG00000222293,ENSMMUG00000034706,chr9,-,0.4620,0.0000,15,-,0.4610,0.5670
train,ENSG00000133315,ENSMMUG00000056751,chr11,-,0.6280,0.0000,14,+,0.4850,0.7000
train,ENSG00000111907,ENSMMUG00000062110,chr6,+,0.3570,0.0000,4,+,0.3430,1.0000
train,ENSG00000169857,ENSMMUG00000005278,chr15,-,0.4140,0.0000,7,-,0.5060,0.2950
train,ENSG00000272474,ENSMMUG00000026414,chr14,+,0.3200,0.0000,7,+,0.3250,0.0700
train,ENSG00000182827,ENSMMUG00000019058,chr1,-,0.5110,0.0000,1,-,0.5520,0.3650
train,ENSG00000182040,ENSMMUG00000054593,chr17,-,0.6730,0.0000,16,-,0.6570,0.0200
train,ENSG00000222170,ENSMMUG00000028392,chr16,-,0.4620,0.0000,20,-,0.4570,0.7240
train,ENSG00000172867,ENSMMUG00000002305,chr12,-,0.4500,0.0000,11,-,0.4440,0.0290
train,ENSG00000105668,ENSMMUG00000006711,chr19,+,0.5840,0.0000,19,+,0.5950,0.3590
train,ENSG00000180914,ENSMMUG00000009703,chr3,-,0.4240,0.0000,2,-,0.4120,0.0980
train,ENSG00000199080,ENSMMUG00000027032,chr6,+,0.3510,0.0000,4,-,0.3470,0.5800
train,ENSG00000181788,ENSMMUG00000015590,chr3,-,0.5240,0.0000,2,-,0.5230,0.2050
train,ENSG00000139687,ENSMMUG00000007891,chr13,+,0.5260,0.0000,17,+,0.5330,0.3030
train,ENSG00000199740,ENSMMUG00000027375,chr12,-,0.4030,0.0000,11,-,0.4020,0.4880
train,ENSG00000175066,ENSMMUG00000012151,chr3,-,0.4780,0.0000,2,-,0.4730,0.3530
train,ENSG00000075884,ENSMMUG00000006528,chr2,+,0.3630,0.0000,12,+,0.4180,0.0120
train,ENSG00000124942,ENSMMUG00000022301,chr11,-,0.5750,0.0000,14,+,0.6020,0.0000
train,ENSG00000198604,ENSMMUG00000058073,chr14,-,0.3010,0.0000,7,-,0.6750,0.0920
train,ENSG00000135083,ENSMMUG00000023073,chr5,-,0.4930,0.0000,6,-,0.4770,0.2740
train,ENSG00000084234,ENSMMUG00000018029,chr11,+,0.4290,0.0000,14,+,0.6620,0.1390
train,ENSG00000253831,ENSMMUG00000059081,chr1,-,0.5500,0.0000,1,+,0.4920,0.5580
train,ENSG00000101438,ENSMMUG00000003376,chr20,+,0.6850,0.0000,10,+,0.6670,0.0380
val,ENSG00000148450,ENSMMUG00000010388,chr10,+,0.5140,0.0000,9,+,0.5020,0.9930
train,ENSG00000156194,ENSMMUG00000015716,chr4,-,0.4280,0.0000,5,+,0.4640,0.2820
train,ENSG00000168878,ENSMMUG00000017818,chr2,-,0.5170,0.0000,13,+,0.5570,0.0750
train,ENSG00000080572,ENSMMUG00000023174,chrX,+,0.5640,0.0000,X,+,0.5650,0.0080
train,ENSG00000171236,ENSMMUG00000023701,chr19,-,0.4720,0.0000,19,-,0.4320,0.5570
train,ENSG00000174348,ENSMMUG00000007604,chr1,+,0.5980,0.0000,1,-,0.5400,0.4420
train,ENSG00000200215,ENSMMUG00000065191,chr14,+,0.3430,0.0000,7,+,0.3250,0.0420
train,ENSG00000127922,ENSMMUG00000004127,chr7,-,0.3700,0.0000,3,+,0.3420,0.1910
train,ENSG00000202017,ENSMMUG00000028453,chr5,-,0.4330,0.0000,6,-,0.3840,0.7130
train,ENSG00000064692,ENSMMUG00000009997,chr5,+,0.4370,0.0000,6,+,0.6380,0.1910
train,ENSG00000199075,ENSMMUG00000026954,chr3,+,0.4790,0.0000,2,+,0.4750,0.1690
train,ENSG00000207808,ENSMMUG00000026947,chr19,-,0.6030,0.0000,19,-,0.6110,0.2510
test,ENSG00000207036,ENSMMUG00000057926,chr8,+,0.3330,0.0000,8,+,0.3330,0.3870
train,ENSG00000196277,ENSMMUG00000011231,chr3,+,0.5250,0.0000,2,+,0.6420,0.1570
train,ENSG00000144596,ENSMMUG00000006342,chr3,-,0.5610,0.0000,2,-,0.5780,0.1910
train,ENSG00000144488,ENSMMUG00000018486,chr2,+,0.5910,0.0000,12,+,0.6160,0.0170
train,ENSG00000073861,ENSMMUG00000057231,chr17,+,0.5650,0.0000,16,-,0.4580,0.3740
train,ENSG00000134697,ENSMMUG00000008419,chr1,-,0.4600,0.0000,1,+,0.5030,0.3470
train,ENSG00000100968,ENSMMUG00000003370,chr14,+,0.3620,0.0000,7,+,0.6110,0.1410
test,ENSG00000171133,ENSMMUG00000064363,chr9,-,0.3780,0.0000,15,+,0.3940,0.6870
train,ENSG00000136490,ENSMMUG00000016755,chr17,-,0.5990,0.0000,16,-,0.7550,0.2270
train,ENSG00000207313,ENSMMUG00000024975,chr12,-,0.3820,0.0000,11,-,0.3800,0.3650
train,ENSG00000101224,ENSMMUG00000018922,chr20,+,0.7530,0.0000,10,-,0.5490,0.3140
train,ENSG00000133961,ENSMMUG00000020196,chr14,-,0.4360,0.0000,7,-,0.4780,0.2650
train,ENSG00000158077,ENSMMUG00000008585,chr11,+,0.5480,0.0000,14,-,0.3740,0.6290
train,ENSG00000140505,ENSMMUG00000021832,chr15,+,0.4710,0.0000,7,+,0.5260,0.1940
train,ENSG00000144741,ENSMMUG00000001529,chr3,+,0.3450,0.0000,2,+,0.4160,0.1720
train,ENSG00000166368,ENSMMUG00000017135,chr11,-,0.3490,0.0000,14,+,0.3470,0.0080
test,ENSG00000147485,ENSMMUG00000002781,chr8,-,0.3940,0.0000,8,-,0.4250,0.0630
train,ENSG00000145882,ENSMMUG00000021663,chr5,+,0.5250,0.0000,6,+,0.4940,0.3900
train,ENSG00000213886,ENSMMUG00000049400,chr6,-,0.3930,0.0000,4,+,0.4480,0.3430
train,ENSG00000120341,ENSMMUG00000020320,chr1,-,0.3830,0.0000,1,-,0.4210,0.2730
train,ENSG00000173597,ENSMMUG00000062115,chr4,-,0.3260,0.0000,5,+,0.3700,0.1960
train,ENSG00000160791,ENSMMUG00000055383,chr3,+,0.3950,0.0000,2,+,0.4030,0.1350
train,ENSG00000188257,ENSMMUG00000021862,chr1,-,0.4680,0.0000,1,+,0.4650,0.4990
train,ENSG00000117834,ENSMMUG00000007558,chr1,+,0.5050,0.0000,1,-,0.4960,0.3440
train,ENSG00000168411,ENSMMUG00000008375,chr16,-,0.4720,0.0000,20,-,0.4690,0.0180
train,ENSG00000039123,ENSMMUG00000010379,chr5,+,0.5800,0.0000,6,+,0.5440,0.0400
train,ENSG00000163431,ENSMMUG00000001923,chr1,-,0.5120,0.0000,1,-,0.5000,0.0900
test,ENSG00000158669,ENSMMUG00000014721,chr8,+,0.4830,0.0000,8,+,0.5120,0.6540
train,ENSG00000114107,ENSMMUG00000007760,chr3,-,0.4620,0.0000,2,-,0.5010,0.1440
train,ENSG00000172915,ENSMMUG00000019831,chr13,+,0.5170,0.0000,17,+,0.6820,0.2100
train,ENSG00000173011,ENSMMUG00000049270,chr4,+,0.4840,0.0000,5,-,0.7310,0.1600
test,ENSG00000164935,ENSMMUG00000010760,chr8,+,0.4750,0.0000,8,+,0.4840,0.7810
train,ENSG00000146918,ENSMMUG00000013719,chr7,-,0.6360,0.0000,3,-,0.5750,0.3720
train,ENSG00000141959,ENSMMUG00000004173,chr21,+,0.6240,0.0000,3,-,0.4550,0.7860
train,ENSG00000008294,ENSMMUG00000022528,chr17,-,0.5360,0.0000,16,+,0.5230,0.4620
test,ENSG00000172889,ENSMMUG00000026981,chr9,+,0.6020,0.0000,15,-,0.6550,0.0540
train,ENSG00000128989,ENSMMUG00000061585,chr15,-,0.4340,0.0000,7,-,0.5530,0.2720
train,ENSG00000164129,ENSMMUG00000020242,chr4,+,0.5240,0.0000,5,+,0.3260,0.2590
train,ENSG00000090975,ENSMMUG00000015931,chr12,-,0.6640,0.0000,11,-,0.4870,0.0680
train,ENSG00000158156,ENSMMUG00000054886,chr1,+,0.5830,0.0000,1,-,0.5880,0.3170
test,ENSG00000155970,ENSMMUG00000017992,chr8,+,0.5180,0.0000,8,+,0.5390,0.0910
train,ENSG00000132842,ENSMMUG00000001360,chr5,-,0.5480,0.0000,6,-,0.5600,0.3670
train,ENSG00000170929,ENSMMUG00000059930,chr19,+,0.4540,0.0000,19,+,0.4420,0.7310
train,ENSG00000284368,ENSMMUG00000038026,chr17,-,0.4190,0.0000,16,-,0.4210,0.0700
train,ENSG00000110723,ENSMMUG00000000797,chr11,-,0.4080,0.0000,14,-,0.4160,0.1390
test,ENSG00000188710,ENSMMUG00000064112,chr9,-,0.6200,0.0000,15,+,0.5280,0.3270
train,ENSG00000111834,ENSMMUG00000001805,chr6,+,0.4280,0.0000,4,+,0.4550,0.2120
train,ENSG00000128298,ENSMMUG00000002699,chr22,-,0.6240,0.0000,10,+,0.6240,0.0640
train,ENSG00000134249,ENSMMUG00000017482,chr1,-,0.4800,0.0000,1,+,0.5190,0.0490
train,ENSG00000206203,ENSMMUG00000017385,chr22,+,0.5200,0.0000,10,-,0.5340,0.5040
train,ENSG00000149922,ENSMMUG00000000981,chr16,-,0.6280,0.0000,20,+,0.6240,0.0770
train,ENSG00000139921,ENSMMUG00000001901,chr14,+,0.4430,0.0000,7,+,0.4550,0.3680
train,ENSG00000204371,ENSMMUG00000011679,chr6,-,0.5090,0.0000,4,+,0.5180,0.0520
train,ENSG00000183044,ENSMMUG00000046237,chr16,+,0.5890,0.0000,20,+,0.5940,0.2140
val,ENSG00000171206,ENSMMUG00000004394,chr10,+,0.5370,0.0000,9,+,0.7360,0.2430
train,ENSG00000105251,ENSMMUG00000028927,chr19,+,0.6470,0.0000,19,+,0.5890,0.2440
train,ENSG00000034152,ENSMMUG00000010904,chr17,+,0.6640,0.0000,16,+,0.6620,0.2150
train,ENSG00000182481,ENSMMUG00000016685,chr17,+,0.4190,0.0000,16,+,0.4040,0.4330
train,ENSG00000110048,ENSMMUG00000001745,chr11,-,0.5430,0.0000,14,+,0.5440,0.0070
train,ENSG00000127831,ENSMMUG00000016899,chr2,+,0.5650,0.0000,12,+,0.5420,0.5920
train,ENSG00000200398,ENSMMUG00000063567,chr15,+,0.5870,0.0000,7,-,0.5860,0.0000
train,ENSG00000200013,ENSMMUG00000028044,chr17,-,0.3730,0.0000,16,-,0.3750,0.0400
train,ENSG00000166484,ENSMMUG00000008536,chr17,+,0.4040,0.0000,16,+,0.6160,0.0710
train,ENSG00000207214,ENSMMUG00000060381,chr7,+,0.3230,0.0000,3,+,0.3240,0.5190
train,ENSG00000089818,ENSMMUG00000015253,chr12,+,0.3430,0.0000,11,-,0.4260,0.2050
train,ENSG00000022267,ENSMMUG00000007922,chrX,+,0.4090,0.0000,X,+,0.6220,0.4620
train,ENSG00000178498,ENSMMUG00000001180,chr12,+,0.5080,0.0000,11,+,0.4320,0.0740
train,ENSG00000175879,ENSMMUG00000023504,chr2,+,0.6050,0.0000,12,+,0.7170,0.2030
train,ENSG00000103495,ENSMMUG00000019826,chr16,+,0.7020,0.0000,20,-,0.8230,0.7940
train,ENSG00000146021,ENSMMUG00000011925,chr5,-,0.4330,0.0000,6,-,0.4270,0.3950
train,ENSG00000100605,ENSMMUG00000009974,chr14,-,0.5630,0.0000,7,-,0.6260,0.2410
train,ENSG00000159189,ENSMMUG00000020756,chr1,+,0.6160,0.0000,1,-,0.6180,0.0070
test,ENSG00000104408,ENSMMUG00000011359,chr8,-,0.5260,0.0000,8,-,0.4290,0.3240
train,ENSG00000205667,ENSMMUG00000043795,chrX,+,0.4160,0.0000,X,+,0.4150,0.5840
train,ENSG00000212907,ENSMMUG00000065379,chrM,+,0.4090,0.0000,MT,+,0.4160,0.0000
train,ENSG00000239112,ENSMMUG00000035865,chr5,+,0.3790,0.0000,6,+,0.4020,0.3560
train,ENSG00000202385,ENSMMUG00000024142,chr1,-,0.3950,0.0000,1,+,0.4090,0.2370
train,ENSG00000168938,ENSMMUG00000010651,chr5,-,0.5140,0.0000,6,-,0.5270,0.2060
train,ENSG00000143147,ENSMMUG00000010395,chr1,-,0.3850,0.0000,1,-,0.4300,0.1840
train,ENSG00000125966,ENSMMUG00000018206,chr20,+,0.5930,0.0000,10,+,0.6440,0.4180
train,ENSG00000171840,ENSMMUG00000049234,chr12,-,0.4460,0.0000,11,-,0.4860,0.2700
train,ENSG00000094661,ENSMMUG00000053220,chr19,+,0.4920,0.0000,19,+,0.4700,0.6240
train,ENSG00000177311,ENSMMUG00000031526,chr3,+,0.4160,0.0000,2,+,0.5150,0.2280
train,ENSG00000105438,ENSMMUG00000013072,chr19,-,0.6540,0.0000,19,-,0.6170,0.2140
train,ENSG00000170965,ENSMMUG00000023039,chrX,-,0.3760,0.0000,X,-,0.4280,0.2140
train,ENSG00000196296,ENSMMUG00000023526,chr16,+,0.5960,0.0000,20,-,0.5250,0.4300
train,ENSG00000161914,ENSMMUG00000020617,chr19,-,0.5860,0.0000,19,-,0.5880,0.2660
train,ENSG00000215277,ENSMMUG00000014743,chr14,+,0.3710,0.0000,7,+,0.4810,0.8630
train,ENSG00000132670,ENSMMUG00000005878,chr20,+,0.6370,0.0000,10,-,0.6350,0.0460
train,ENSG00000068323,ENSMMUG00000023494,chrX,-,0.5590,0.0000,X,-,0.5520,0.1660
train,ENSG00000069956,ENSMMUG00000029652,chr15,+,0.4200,0.0000,7,+,0.5600,0.1350
test,ENSG00000160408,ENSMMUG00000018686,chr9,-,0.5710,0.0000,15,+,0.5650,0.4710
val,ENSG00000165731,ENSMMUG00000015400,chr10,+,0.6730,0.0000,9,+,0.6550,0.1560
val,ENSG00000207029,ENSMMUG00000060602,chr10,+,0.4300,0.0000,9,+,0.5040,0.5670
train,ENSG00000207395,ENSMMUG00000058545,chr15,+,0.3460,0.0000,7,+,0.3370,0.0820
train,ENSG00000249242,ENSMMUG00000001485,chr4,-,0.4830,0.0000,5,+,0.4730,0.4640
test,ENSG00000196814,ENSMMUG00000000871,chr9,+,0.6630,0.0000,15,-,0.6770,0.2880
train,ENSG00000196227,ENSMMUG00000057303,chr20,+,0.7260,0.0000,10,+,0.3490,0.6580
train,ENSG00000065413,ENSMMUG00000022425,chr2,-,0.4690,0.0000,12,-,0.3850,0.9050
train,ENSG00000202440,ENSMMUG00000024882,chr4,-,0.3190,0.0000,5,+,0.3150,0.2600
train,ENSG00000165168,ENSMMUG00000013220,chrX,+,0.3680,0.0000,X,+,0.3710,0.3070
train,ENSG00000180638,ENSMMUG00000014134,chr17,-,0.5630,0.0000,16,-,0.6220,0.0740
train,ENSG00000184207,ENSMMUG00000055128,chr16,-,0.6330,0.0000,20,-,0.6640,0.2660
train,ENSG00000212388,ENSMMUG00000035476,chr15,-,0.4090,0.0000,7,+,0.4020,0.4480
train,ENSG00000213445,ENSMMUG00000007416,chr11,+,0.5610,0.0000,14,-,0.6100,0.1340
train,ENSG00000121988,ENSMMUG00000000765,chr2,-,0.6400,0.0000,12,-,0.5840,0.0630
train,ENSG00000184232,ENSMMUG00000012249,chr11,+,0.5780,0.0000,14,+,0.5670,0.1420
train,ENSG00000166979,ENSMMUG00000048824,chr21,+,0.5680,0.0000,3,-,0.7050,0.2130
train,ENSG00000168003,ENSMMUG00000020354,chr11,+,0.4780,0.0000,14,-,0.4810,0.0000
train,ENSG00000101782,ENSMMUG00000021478,chr18,+,0.4450,0.0000,18,-,0.4460,0.2100
train,ENSG00000133119,ENSMMUG00000003371,chr13,+,0.3760,0.0000,17,+,0.3840,0.1220
train,ENSG00000185974,ENSMMUG00000007427,chr13,+,0.5680,0.0000,17,+,0.5810,0.1690
train,ENSG00000044090,ENSMMUG00000002451,chr6,-,0.5010,0.0000,4,+,0.5080,0.0600
train,ENSG00000212565,ENSMMUG00000032827,chr17,+,0.4900,0.0000,16,-,0.4910,0.9880
train,ENSG00000143156,ENSMMUG00000021079,chr1,-,0.4550,0.0000,1,-,0.4560,0.0070
test,ENSG00000169436,ENSMMUG00000047643,chr8,-,0.6110,0.0000,8,-,0.5380,0.3630
train,ENSG00000203797,ENSMMUG00000050899,chr6,-,0.4840,0.0000,4,-,0.4400,0.5610
train,ENSG00000166068,ENSMMUG00000010704,chr15,+,0.7220,0.0000,7,+,0.7480,0.1960
train,ENSG00000173599,ENSMMUG00000004533,chr11,-,0.5710,0.0000,14,+,0.5270,0.5680
test,ENSG00000147443,ENSMMUG00000023464,chr8,-,0.4500,0.0000,8,-,0.4490,0.1020
val,ENSG00000183128,ENSMMUG00000061162,chr10,-,0.5170,0.0000,9,-,0.7610,0.1990
train,ENSG00000177731,ENSMMUG00000018355,chr17,-,0.5840,0.0000,16,-,0.5830,0.5870
train,ENSG00000204386,ENSMMUG00000021707,chr6,-,0.5580,0.0000,4,+,0.5600,0.4450
train,ENSG00000222624,ENSMMUG00000034409,chr1,+,0.3220,0.0000,1,-,0.3280,0.0460
train,ENSG00000141013,ENSMMUG00000000401,chr16,+,0.7720,0.0000,20,+,0.5250,0.2950
train,ENSG00000076351,ENSMMUG00000019151,chr17,-,0.5270,0.0000,16,-,0.4950,0.6360
train,ENSG00000100711,ENSMMUG00000018121,chr14,+,0.6640,0.0000,7,+,0.6650,0.2480
train,ENSG00000243991,ENSMMUG00000049790,chr3,-,0.3670,0.0000,2,+,0.3760,0.9600
train,ENSG00000199880,ENSMMUG00000034153,chr5,-,0.3510,0.0000,6,-,0.4370,0.9940
test,ENSG00000207595,ENSMMUG00000026876,chr9,+,0.3580,0.0000,15,-,0.3640,0.2280
test,ENSG00000095380,ENSMMUG00000049493,chr9,+,0.5630,0.0000,15,-,0.5390,0.7560
train,ENSG00000164818,ENSMMUG00000018261,chr7,+,0.5750,0.0000,3,+,0.5800,0.4720
test,ENSG00000187764,ENSMMUG00000008629,chr9,-,0.5910,0.0000,15,-,0.5730,0.1730
train,ENSG00000109452,ENSMMUG00000003697,chr4,-,0.4410,0.0000,5,-,0.3980,0.7630
train,ENSG00000134986,ENSMMUG00000002768,chr5,-,0.3870,0.0000,6,-,0.4170,0.3220
train,ENSG00000070018,ENSMMUG00000023317,chr12,-,0.5800,0.0000,11,-,0.6490,0.0700
train,ENSG00000160179,ENSMMUG00000018058,chr21,+,0.3890,0.0000,3,-,0.4010,0.2720
test,ENSG00000201830,ENSMMUG00000024748,chr9,+,0.3590,0.0000,15,-,0.3570,0.5680
train,ENSG00000131196,ENSMMUG00000022596,chr18,+,0.6980,0.0000,18,-,0.6720,0.2950
train,ENSG00000108423,ENSMMUG00000019303,chr17,-,0.6230,0.0000,16,+,0.6200,0.1130
train,ENSG00000112667,ENSMMUG00000013990,chr6,-,0.5440,0.0000,4,+,0.5280,0.8530
train,ENSG00000221116,ENSMMUG00000045100,chr20,+,0.5170,0.0000,10,-,0.5120,0.3000
train,ENSG00000143545,ENSMMUG00000017586,chr1,-,0.4900,0.0000,1,+,0.4530,0.5770
train,ENSG00000198793,ENSMMUG00000019325,chr1,-,0.4990,0.0000,1,+,0.4860,0.5190
train,ENSG00000177868,ENSMMUG00000059313,chr1,-,0.4240,0.0000,1,+,0.4510,0.5980
train,ENSG00000167173,ENSMMUG00000008529,chr15,+,0.5240,0.0000,7,+,0.5160,0.4940
train,ENSG00000284873,ENSMMUG00000053140,chr11,+,0.3810,0.0000,14,-,0.3810,0.0070
train,ENSG00000212298,ENSMMUG00000037905,chr12,+,0.4250,0.0000,11,+,0.4140,0.8090
train,ENSG00000143303,ENSMMUG00000000038,chr1,+,0.5040,0.0000,1,-,0.5160,0.1850
train,ENSG00000176563,ENSMMUG00000012641,chr17,+,0.5380,0.0000,16,+,0.5690,0.0000
train,ENSG00000198855,ENSMMUG00000017123,chr12,+,0.5650,0.0000,11,+,0.5760,0.4730
train,ENSG00000240374,ENSMMUG00000043005,chr1,-,0.4870,0.0000,1,+,0.4820,0.7700
train,ENSG00000150477,ENSMMUG00000006864,chr18,+,0.6380,0.0000,18,-,0.5830,0.3560
train,ENSG00000172296,ENSMMUG00000000089,chr20,+,0.4030,0.0000,10,-,0.4230,0.3160
train,ENSG00000113460,ENSMMUG00000038794,chr5,+,0.5750,0.0000,6,+,0.5630,0.1070
train,ENSG00000134375,ENSMMUG00000001924,chr1,+,0.5280,0.0000,1,+,0.5250,0.5920
train,ENSG00000156976,ENSMMUG00000003702,chr3,+,0.4260,0.0000,2,-,0.4350,0.0590
train,ENSG00000238578,ENSMMUG00000027366,chr17,+,0.5030,0.0000,16,+,0.4500,0.2400
train,ENSG00000187258,ENSMMUG00000014226,chr7,+,0.4620,0.0000,3,-,0.4960,0.2670
train,ENSG00000265675,ENSMMUG00000040549,chr19,+,0.4810,0.0000,19,+,0.5000,0.9920
train,ENSG00000101746,ENSMMUG00000017276,chr18,-,0.4550,0.0000,18,+,0.5980,0.1850
train,ENSG00000217236,ENSMMUG00000023005,chr2,+,0.5610,0.0000,12,+,0.5600,0.0980
test,ENSG00000147592,ENSMMUG00000012513,chr8,-,0.5560,0.0000,8,-,0.5560,0.4680
train,ENSG00000212510,ENSMMUG00000032857,chrX,+,0.4040,0.0000,X,+,0.3890,0.4420
train,ENSG00000146276,ENSMMUG00000014943,chr6,-,0.3710,0.0000,4,+,0.4050,0.8250
train,ENSG00000008083,ENSMMUG00000015362,chr6,+,0.7010,0.0000,4,-,0.6360,0.1040
train,ENSG00000166246,ENSMMUG00000014311,chr16,+,0.5920,0.0000,20,+,0.4870,0.6140
test,ENSG00000207450,ENSMMUG00000024008,chr8,-,0.4570,0.0000,8,-,0.4440,0.3770
train,ENSG00000142444,ENSMMUG00000053764,chr19,+,0.6360,0.0000,19,+,0.6390,0.0390
train,ENSG00000188580,ENSMMUG00000013322,chr6,+,0.7000,0.0000,4,+,0.7550,0.2700
train,ENSG00000243543,ENSMMUG00000003809,chr20,-,0.4760,0.0000,10,-,0.4510,0.5970
train,ENSG00000238590,ENSMMUG00000060462,chr7,-,0.5200,0.0000,3,-,0.5160,0.0000
test,ENSG00000136932,ENSMMUG00000015654,chr9,-,0.4710,0.0000,15,+,0.4570,0.1350
train,ENSG00000163114,ENSMMUG00000021359,chr4,+,0.4020,0.0000,5,+,0.3520,0.2020
train,ENSG00000169860,ENSMMUG00000031540,chr3,+,0.5310,0.0000,2,+,0.6810,0.0160
train,ENSG00000185002,ENSMMUG00000017189,chr6,+,0.5760,0.0000,4,+,0.5170,0.0000
test,ENSG00000180053,ENSMMUG00000020863,chr8,-,0.5920,0.0000,8,-,0.6090,0.0000
val,ENSG00000152455,ENSMMUG00000017174,chr10,+,0.6440,0.0000,9,+,0.6430,0.1090
train,ENSG00000130348,ENSMMUG00000008330,chr6,+,0.4440,0.0000,4,-,0.4150,0.3300
train,ENSG00000101558,ENSMMUG00000062614,chr18,+,0.5540,0.0000,18,+,0.5680,0.0640
train,ENSG00000200231,ENSMMUG00000036189,chr20,+,0.4350,0.0000,10,-,0.4360,0.4950
train,ENSG00000100385,ENSMMUG00000005417,chr22,-,0.5510,0.0000,10,+,0.3740,1.0000
train,ENSG00000088926,ENSMMUG00000011634,chr4,+,0.4160,0.0000,5,+,0.3860,0.0620
train,ENSG00000099956,ENSMMUG00000009098,chr22,+,0.5440,0.0000,10,+,0.4250,0.7550
train,ENSG00000185105,ENSMMUG00000012898,chr17,-,0.5230,0.0000,16,-,0.4820,0.9130
train,ENSG00000077279,ENSMMUG00000015312,chrX,-,0.3670,0.0000,X,-,0.3630,0.1080
train,ENSG00000188694,ENSMMUG00000055735,chr21,-,0.3750,0.0000,3,+,0.3890,0.0000
test,ENSG00000155975,ENSMMUG00000044812,chr8,+,0.5760,0.0000,8,+,0.6550,0.1290
val,ENSG00000178473,ENSMMUG00000050337,chr10,+,0.4680,0.0000,9,+,0.4700,0.4390
train,ENSG00000284536,ENSMMUG00000026970,chr13,+,0.3270,0.0000,17,+,0.3330,0.0380
train,ENSG00000172725,ENSMMUG00000005488,chr11,-,0.5070,0.0000,14,+,0.5230,0.7640
train,ENSG00000139266,ENSMMUG00000046540,chr12,+,0.5520,0.0000,11,+,0.7030,0.3640
train,ENSG00000102531,ENSMMUG00000023756,chr13,+,0.5350,0.0000,17,+,0.4960,0.0230
train,ENSG00000207013,ENSMMUG00000028440,chr5,-,0.3230,0.0000,6,-,0.3100,0.0730
train,ENSG00000199936,ENSMMUG00000027972,chr2,-,0.4730,0.0000,13,+,0.4280,0.5610
train,ENSG00000239708,ENSMMUG00000038950,chr5,-,0.3730,0.0000,6,-,0.3730,0.4450
train,ENSG00000168496,ENSMMUG00000006657,chr11,+,0.5680,0.0000,14,-,0.5560,0.0640
train,ENSG00000241789,ENSMMUG00000037702,chr3,+,0.3730,0.0000,2,+,0.3750,0.9900
train,ENSG00000112562,ENSMMUG00000014474,chr6,+,0.6030,0.0000,4,-,0.5230,0.0380
train,ENSG00000168807,ENSMMUG00000016637,chr16,+,0.5240,0.0000,20,+,0.5100,0.3260
train,ENSG00000167005,ENSMMUG00000038955,chr16,-,0.4250,0.0000,20,-,0.5470,0.2010
train,ENSG00000088888,ENSMMUG00000017150,chr20,+,0.6020,0.0000,10,-,0.4860,0.9370
test,ENSG00000221387,ENSMMUG00000033670,chr8,+,0.4830,0.0000,8,+,0.4730,0.9620
train,ENSG00000175329,ENSMMUG00000061326,chr22,+,0.5050,0.0000,10,-,0.5250,0.1100
train,ENSG00000125386,ENSMMUG00000013158,chr4,+,0.7250,0.0000,5,+,0.7640,0.3620
train,ENSG00000175785,ENSMMUG00000042148,chr14,-,0.7030,0.0000,7,-,0.6590,0.1420
train,ENSG00000100593,ENSMMUG00000013555,chr14,-,0.6850,0.0000,7,-,0.5680,0.2880
train,ENSG00000152147,ENSMMUG00000009174,chr2,+,0.6160,0.0000,13,-,0.4670,0.0150
train,ENSG00000212360,ENSMMUG00000052838,chr1,+,0.4100,0.0000,1,-,0.4180,0.5210
train,ENSG00000127824,ENSMMUG00000019628,chr2,-,0.4900,0.0000,12,-,0.4930,0.7320
train,ENSG00000116062,ENSMMUG00000022842,chr2,+,0.4860,0.0000,13,-,0.5920,0.4640
train,ENSG00000199047,ENSMMUG00000026873,chr5,+,0.6020,0.0000,6,+,0.6060,0.1490
train,ENSG00000244218,ENSMMUG00000047073,chr7,+,0.4010,0.0000,3,+,0.3770,0.4630
train,ENSG00000252494,ENSMMUG00000036901,chr11,-,0.4780,0.0000,14,-,0.4600,1.0000
train,ENSG00000151704,ENSMMUG00000003144,chr11,-,0.2750,0.0000,14,-,0.3680,0.8000
train,ENSG00000240563,ENSMMUG00000006485,chr1,+,0.5070,0.0000,1,-,0.3710,0.4530
test,ENSG00000164919,ENSMMUG00000000165,chr8,-,0.4460,0.0000,8,-,0.4530,0.1790
train,ENSG00000145476,ENSMMUG00000011632,chr4,+,0.6390,0.0000,5,+,0.7320,0.0000
train,ENSG00000196715,ENSMMUG00000021235,chr7,+,0.5020,0.0000,3,-,0.4610,0.7220
test,ENSG00000136842,ENSMMUG00000012278,chr9,+,0.3550,0.0000,15,-,0.5110,0.2170
train,ENSG00000188419,ENSMMUG00000016776,chrX,-,0.4290,0.0000,X,-,0.4160,0.0000
train,ENSG00000173548,ENSMMUG00000016106,chr15,+,0.6670,0.0000,7,+,0.6510,0.1080
train,ENSG00000204356,ENSMMUG00000000735,chr6,-,0.5330,0.0000,4,+,0.5410,0.1000
train,ENSG00000164172,ENSMMUG00000020449,chr5,-,0.4430,0.0000,6,-,0.4620,0.4910
train,ENSG00000152953,ENSMMUG00000016922,chr4,+,0.5910,0.0000,5,-,0.5860,0.1830
train,ENSG00000104055,ENSMMUG00000022256,chr15,-,0.4990,0.0000,7,-,0.5190,0.0070
train,ENSG00000222213,ENSMMUG00000036593,chr5,-,0.4810,0.0000,6,-,0.4630,0.9840
train,ENSG00000169933,ENSMMUG00000010252,chrX,+,0.4360,0.0000,X,+,0.6740,0.0000
train,ENSG00000129347,ENSMMUG00000011951,chr19,-,0.5490,0.0000,19,-,0.5540,0.0190
train,ENSG00000206781,ENSMMUG00000028330,chr15,-,0.4470,0.0000,7,-,0.4390,0.6340
train,ENSG00000206898,ENSMMUG00000025990,chr2,-,0.5010,0.0000,13,+,0.5010,0.5520
train,ENSG00000147262,ENSMMUG00000008388,chrX,-,0.4590,0.0000,X,-,0.4670,0.0000
train,ENSG00000199857,ENSMMUG00000026786,chr4,+,0.4030,0.0000,5,-,0.4010,0.0360
train,ENSG00000160214,ENSMMUG00000012304,chr21,+,0.5610,0.0000,3,-,0.6340,0.8500
train,ENSG00000177673,ENSMMUG00000060551,chr2,+,0.5140,0.0000,12,+,0.5010,0.5420
train,ENSG00000196646,ENSMMUG00000014351,chr19,+,0.4620,0.0000,19,+,0.5240,0.6450
train,ENSG00000165675,ENSMMUG00000013162,chrX,-,0.4040,0.0000,X,-,0.4460,0.2310
train,ENSG00000196141,ENSMMUG00000008101,chr2,+,0.4240,0.0000,12,+,0.3720,0.5190
train,ENSG00000261210,ENSMMUG00000051373,chr16,+,0.4710,0.0000,20,+,0.4460,0.5140
train,ENSG00000207548,ENSMMUG00000032847,chr2,-,0.3360,0.0000,13,+,0.3530,0.4340
train,ENSG00000141744,ENSMMUG00000062416,chr17,+,0.6860,0.0000,16,+,0.7060,0.1760
val,ENSG00000166348,ENSMMUG00000001821,chr10,-,0.5100,0.0000,9,+,0.3880,0.0570
train,ENSG00000184162,ENSMMUG00000010723,chr19,-,0.5520,0.0000,19,-,0.5450,0.3410
train,ENSG00000101109,ENSMMUG00000013212,chr20,+,0.5070,0.0000,10,+,0.5110,0.2860
train,ENSG00000103671,ENSMMUG00000009882,chr15,+,0.4370,0.0000,7,+,0.4680,0.3380
train,ENSG00000034713,ENSMMUG00000051441,chr16,+,0.5570,0.0000,20,+,0.5330,0.2810
train,ENSG00000131375,ENSMMUG00000006658,chr3,+,0.4300,0.0000,2,-,0.4560,0.3100
train,ENSG00000070526,ENSMMUG00000022408,chr17,-,0.4910,0.0000,16,-,0.4900,0.6800
train,ENSG00000238964,ENSMMUG00000042852,chr16,+,0.4380,0.0000,20,+,0.4280,0.6070
train,ENSG00000154957,ENSMMUG00000018541,chr17,-,0.5380,0.0000,16,-,0.5440,0.1820
train,ENSG00000213231,ENSMMUG00000015838,chr14,+,0.5950,0.0000,7,+,0.5940,0.3020
train,ENSG00000133105,ENSMMUG00000003898,chr13,+,0.3090,0.0000,17,+,0.3020,0.0430
train,ENSG00000162009,ENSMMUG00000002896,chr16,+,0.6640,0.0000,20,+,0.6790,0.1080
train,ENSG00000204335,ENSMMUG00000002690,chr2,+,0.5990,0.0000,12,+,0.6070,0.1040
train,ENSG00000112715,ENSMMUG00000004577,chr6,+,0.6260,0.0000,4,-,0.6330,0.0950
train,ENSG00000168582,ENSMMUG00000049611,chr2,-,0.3740,0.0000,12,-,0.3860,0.2060
train,ENSG00000106399,ENSMMUG00000000854,chr7,-,0.3380,0.0000,3,+,0.4360,0.2250
train,ENSG00000178935,ENSMMUG00000005339,chr19,-,0.5370,0.0000,19,-,0.5530,0.5360
train,ENSG00000277512,ENSMMUG00000032815,chr17,+,0.4560,0.0000,16,-,0.4650,0.3990
train,ENSG00000166396,ENSMMUG00000016615,chr18,+,0.4480,0.0000,18,-,0.4340,0.2330
train,ENSG00000100417,ENSMMUG00000001853,chr22,-,0.5640,0.0000,10,+,0.5280,0.5670
test,ENSG00000181634,ENSMMUG00000012892,chr9,-,0.4240,0.0000,15,+,0.4320,0.3910
train,ENSG00000235268,ENSMMUG00000059644,chr11,+,0.4540,0.0000,14,+,0.4790,0.4900
train,ENSG00000132313,ENSMMUG00000020932,chr2,+,0.5130,0.0000,13,-,0.4960,0.6560
train,ENSG00000168461,ENSMMUG00000052840,chr18,+,0.5910,0.0000,18,+,0.6060,0.2250
train,ENSG00000110888,ENSMMUG00000001359,chr12,-,0.5600,0.0000,11,-,0.4460,1.0000
val,ENSG00000075891,ENSMMUG00000009163,chr10,+,0.5660,0.0000,9,+,0.6380,0.1950
train,ENSG00000134049,ENSMMUG00000059289,chr18,-,0.4800,0.0000,18,+,0.4880,0.8380
train,ENSG00000166743,ENSMMUG00000004226,chr16,-,0.4240,0.0000,20,+,0.4810,0.3120
train,ENSG00000168004,ENSMMUG00000018316,chr11,-,0.4610,0.0000,14,+,0.4730,0.6520
train,ENSG00000188559,ENSMMUG00000018371,chr20,-,0.5970,0.0000,10,+,0.5010,0.1680
train,ENSG00000171495,ENSMMUG00000004774,chr5,-,0.4070,0.0000,6,-,0.4170,0.0830
train,ENSG00000145911,ENSMMUG00000017607,chr5,+,0.5550,0.0000,6,+,0.4540,0.7240
train,ENSG00000092208,ENSMMUG00000021028,chr14,+,0.3510,0.0000,7,+,0.3560,0.1730
train,ENSG00000181523,ENSMMUG00000002849,chr17,-,0.6260,0.0000,16,-,0.7010,0.2670
train,ENSG00000206901,ENSMMUG00000026618,chr2,+,0.3160,0.0000,12,+,0.3440,0.4860
train,ENSG00000171611,ENSMMUG00000000460,chr6,+,0.5230,0.0000,4,-,0.5150,0.6990
train,ENSG00000161921,ENSMMUG00000004891,chr17,-,0.5920,0.0000,16,-,0.6230,0.0000
train,ENSG00000213859,ENSMMUG00000039331,chr17,+,0.6950,0.0000,16,+,0.7310,0.0950
train,ENSG00000174521,ENSMMUG00000029834,chr19,-,0.5110,0.0000,19,-,0.5040,0.8130
train,ENSG00000237649,ENSMMUG00000007477,chr6,+,0.5460,0.0000,4,-,0.4930,0.6030
train,ENSG00000237515,ENSMMUG00000013837,chr16,+,0.6760,0.0000,20,+,0.7330,0.2240
train,ENSG00000207203,ENSMMUG00000049340,chr13,+,0.4720,0.0000,17,+,0.4730,0.7910
val,ENSG00000213390,ENSMMUG00000047189,chr10,-,0.4210,0.0000,9,-,0.4260,0.4730
train,ENSG00000180346,ENSMMUG00000039305,chr4,+,0.6460,0.0000,5,+,0.6560,0.0630
train,ENSG00000083635,ENSMMUG00000016609,chr13,-,0.5340,0.0000,17,-,0.5320,0.1250
train,ENSG00000177595,ENSMMUG00000016715,chr11,-,0.6620,0.0000,14,-,0.6350,0.3070
train,ENSG00000223263,ENSMMUG00000034895,chr1,+,0.3870,0.0000,1,-,0.3950,0.3550
train,ENSG00000156261,ENSMMUG00000003023,chr21,-,0.4150,0.0000,3,+,0.4000,0.9570
train,ENSG00000162456,ENSMMUG00000044038,chr1,-,0.5920,0.0000,1,+,0.5850,0.0000
train,ENSG00000138363,ENSMMUG00000012318,chr2,+,0.5130,0.0000,12,+,0.5460,0.5890
train,ENSG00000283567,ENSMMUG00000064682,chr19,-,0.6250,0.0000,19,-,0.6360,0.1270
train,ENSG00000161920,ENSMMUG00000004892,chr17,+,0.5120,0.0000,16,+,0.5030,0.5260
train,ENSG00000163162,ENSMMUG00000057257,chr2,-,0.4850,0.0000,13,-,0.5360,0.1580
train,ENSG00000206914,ENSMMUG00000063016,chr12,+,0.3790,0.0000,11,+,0.3860,0.2960
train,ENSG00000186567,ENSMMUG00000010247,chr19,+,0.5440,0.0000,19,+,0.5230,0.5850
train,ENSG00000185022,ENSMMUG00000045506,chr22,+,0.5110,0.0000,10,-,0.5580,0.8230
train,ENSG00000138448,ENSMMUG00000019462,chr2,+,0.5080,0.0000,12,+,0.5690,0.1540
train,ENSG00000172262,ENSMMUG00000014251,chr5,+,0.5200,0.0000,6,+,0.5840,0.0930
train,ENSG00000100170,ENSMMUG00000013626,chr22,+,0.5950,0.0000,10,-,0.5510,0.1350
test,ENSG00000155875,ENSMMUG00000018394,chr9,-,0.5910,0.0000,15,+,0.5520,0.1730
train,ENSG00000119242,ENSMMUG00000009212,chr12,-,0.7800,0.0000,11,-,0.3710,0.2500
train,ENSG00000251891,ENSMMUG00000050798,chr15,-,0.4120,0.0000,7,-,0.4170,0.7550
train,ENSG00000198886,ENSMMUG00000065387,chrM,+,0.4010,0.0000,MT,+,0.4070,0.0000
train,ENSG00000101199,ENSMMUG00000015911,chr20,+,0.6360,0.0000,10,+,0.5210,0.6570
train,ENSG00000086544,ENSMMUG00000017706,chr19,+,0.5770,0.0000,19,+,0.5660,0.2370
train,ENSG00000183833,ENSMMUG00000000907,chr3,+,0.4450,0.0000,2,-,0.4340,0.5450
train,ENSG00000162851,ENSMMUG00000055490,chr1,-,0.6020,0.0000,1,+,0.6460,0.0070
train,ENSG00000161091,ENSMMUG00000010653,chr19,-,0.5640,0.0000,19,-,0.6380,0.2300
train,ENSG00000157379,ENSMMUG00000010051,chr14,-,0.5910,0.0000,7,-,0.5760,0.0630
train,ENSG00000207153,ENSMMUG00000037344,chr11,-,0.4430,0.0000,14,+,0.4560,0.6780
train,ENSG00000130684,ENSMMUG00000020859,chr20,-,0.3920,0.0000,10,+,0.3900,0.7880
train,ENSG00000168803,ENSMMUG00000017067,chr15,+,0.6510,0.0000,7,+,0.6430,0.0000
train,ENSG00000051620,ENSMMUG00000000122,chr6,+,0.5380,0.0000,4,+,0.6810,0.0110
train,ENSG00000169592,ENSMMUG00000020276,chr16,+,0.6160,0.0000,20,-,0.6390,0.0350
train,ENSG00000101292,ENSMMUG00000052101,chr20,-,0.5360,0.0000,10,+,0.5600,0.2320
train,ENSG00000137877,ENSMMUG00000003844,chr15,-,0.6490,0.0000,7,-,0.6350,0.0000
train,ENSG00000215475,ENSMMUG00000041756,chr13,-,0.3920,0.0000,17,-,0.4000,0.0830
train,ENSG00000127399,ENSMMUG00000005233,chr7,+,0.5300,0.0000,3,+,0.4780,0.6130
train,ENSG00000238243,ENSMMUG00000038159,chr1,+,0.3590,0.0000,1,-,0.3990,0.5260
train,ENSG00000163072,ENSMMUG00000019968,chr2,+,0.4460,0.0000,12,+,0.4050,0.6470
train,ENSG00000137842,ENSMMUG00000006507,chr15,+,0.5100,0.0000,7,+,0.5170,0.5450
train,ENSG00000201343,ENSMMUG00000024819,chr3,-,0.3390,0.0000,2,-,0.3950,0.5940
train,ENSG00000179796,ENSMMUG00000060958,chr3,+,0.5020,0.0000,2,-,0.4720,0.1520
train,ENSG00000068001,ENSMMUG00000006994,chr3,-,0.5910,0.0000,2,-,0.5820,0.0080
train,ENSG00000146678,ENSMMUG00000059330,chr7,+,0.5040,0.0000,3,-,0.4790,0.1900
train,ENSG00000124333,ENSMMUG00000002015,chrX,+,0.4820,0.0000,X,+,0.4470,0.3280
train,ENSG00000175826,ENSMMUG00000010547,chr17,-,0.5070,0.0000,16,-,0.6100,0.0000
train,ENSG00000262152,ENSMMUG00000058718,chr16,+,0.6670,0.0000,20,+,0.6440,0.0000
train,ENSG00000145331,ENSMMUG00000056735,chr4,-,0.3450,0.0000,5,-,0.3550,0.0000
train,ENSG00000133316,ENSMMUG00000018779,chr11,-,0.5290,0.0000,14,+,0.5210,0.5580
train,ENSG00000212391,ENSMMUG00000032945,chr2,-,0.3850,0.0000,12,-,0.3880,0.1750
train,ENSG00000135744,ENSMMUG00000005881,chr1,-,0.4450,0.0000,1,+,0.4750,0.3930
test,ENSG00000185963,ENSMMUG00000001061,chr9,-,0.6620,0.0000,15,-,0.6720,0.3020
train,ENSG00000173065,ENSMMUG00000021408,chr17,-,0.4350,0.0000,16,-,0.5160,0.6430
test,ENSG00000159899,ENSMMUG00000016334,chr9,+,0.5200,0.0000,15,-,0.7040,0.1940
train,ENSG00000182973,ENSMMUG00000006596,chr3,+,0.4410,0.0000,2,-,0.4200,1.0000
train,ENSG00000167685,ENSMMUG00000017498,chr19,+,0.4970,0.0000,19,+,0.5680,0.2590
train,ENSG00000164089,ENSMMUG00000011903,chr4,-,0.4830,0.0000,5,-,0.4300,0.3330
train,ENSG00000087266,ENSMMUG00000014335,chr4,+,0.6740,0.0000,5,+,0.6690,0.0810
train,ENSG00000157005,ENSMMUG00000000850,chr3,-,0.4240,0.0000,2,+,0.4010,0.0300
train,ENSG00000277363,ENSMMUG00000005041,chr17,-,0.7220,0.0000,16,-,0.6920,0.3060
train,ENSG00000115866,ENSMMUG00000040854,chr2,-,0.4070,0.0000,12,-,0.4990,0.0740
train,ENSG00000240183,ENSMMUG00000041264,chr2,+,0.4560,0.0000,13,+,0.4880,0.6340
train,ENSG00000100395,ENSMMUG00000014164,chr22,+,0.5230,0.0000,10,-,0.4800,0.6000
val,ENSG00000206660,ENSMMUG00000025130,chr10,+,0.6630,0.0000,9,+,0.6640,0.0200
train,ENSG00000141627,ENSMMUG00000001760,chr18,-,0.3950,0.0000,18,+,0.4780,0.4150
train,ENSG00000152700,ENSMMUG00000004417,chr5,-,0.4330,0.0000,6,-,0.5090,0.7740
train,ENSG00000184005,ENSMMUG00000005990,chr1,+,0.4840,0.0000,1,-,0.5280,0.1830
val,ENSG00000120594,ENSMMUG00000015370,chr10,+,0.6400,0.0000,9,+,0.6780,0.0940
test,ENSG00000169495,ENSMMUG00000006037,chr8,+,0.4400,0.0000,8,+,0.5290,0.4150
train,ENSG00000188984,ENSMMUG00000057874,chr1,+,0.5210,0.0000,1,-,0.5260,0.4140
train,ENSG00000251977,ENSMMUG00000036290,chr1,-,0.4870,0.0000,1,+,0.4940,0.6100
train,ENSG00000163739,ENSMMUG00000008367,chr4,+,0.5350,0.0000,5,-,0.5120,0.0070
train,ENSG00000166046,ENSMMUG00000003711,chr12,+,0.4190,0.0000,11,+,0.6290,0.1300
train,ENSG00000139428,ENSMMUG00000060209,chr12,-,0.5160,0.0000,11,-,0.5430,0.4290
val,ENSG00000150201,ENSMMUG00000050889,chr10,+,0.5910,0.0000,9,+,0.5550,0.2390
train,ENSG00000172409,ENSMMUG00000058453,chr11,+,0.5530,0.0000,14,-,0.5930,0.0070
train,ENSG00000106038,ENSMMUG00000056313,chr7,+,0.4760,0.0000,3,-,0.5270,0.1170
train,ENSG00000126581,ENSMMUG00000029971,chr17,-,0.5930,0.0000,16,-,0.5370,0.7880
train,ENSG00000120798,ENSMMUG00000018898,chr12,-,0.4570,0.0000,11,-,0.5080,0.3480
train,ENSG00000202119,ENSMMUG00000032838,chr6,+,0.4370,0.0000,4,+,0.4420,0.4550
val,ENSG00000107863,ENSMMUG00000016123,chr10,-,0.6440,0.0000,9,-,0.6840,0.2520
train,ENSG00000163673,ENSMMUG00000006812,chr3,-,0.5560,0.0000,2,-,0.4510,0.5300
train,ENSG00000112297,ENSMMUG00000008120,chr6,+,0.5140,0.0000,4,-,0.4640,0.1730
train,ENSG00000176390,ENSMMUG00000009069,chr17,-,0.5840,0.0000,16,-,0.5810,0.6670
train,ENSG00000284184,ENSMMUG00000041313,chr16,-,0.4420,0.0000,20,-,0.4080,0.0000
train,ENSG00000157456,ENSMMUG00000029628,chr15,+,0.4090,0.0000,7,+,0.3340,0.0370
train,ENSG00000165556,ENSMMUG00000052070,chr13,-,0.4260,0.0000,17,-,0.4810,0.1710
train,ENSG00000054654,ENSMMUG00000001008,chr14,+,0.4520,0.0000,7,+,0.4390,0.3240
train,ENSG00000171522,ENSMMUG00000016167,chr5,+,0.5980,0.0000,6,+,0.5930,0.1010
train,ENSG00000090061,ENSMMUG00000001201,chr14,+,0.7710,0.0000,7,+,0.7520,0.1670
train,ENSG00000275337,ENSMMUG00000038141,chr20,-,0.3670,0.0000,10,-,0.3540,1.0000
train,ENSG00000023572,ENSMMUG00000022645,chr1,-,0.3910,0.0000,1,-,0.3960,0.2470
train,ENSG00000101194,ENSMMUG00000005713,chr20,+,0.6220,0.0000,10,+,0.6140,0.3830
train,ENSG00000241652,ENSMMUG00000048727,chr4,+,0.3470,0.0000,5,+,0.3440,0.3370
train,ENSG00000145244,ENSMMUG00000021779,chr4,-,0.4140,0.0000,5,-,0.4230,0.0150
train,ENSG00000242651,ENSMMUG00000060093,chr18,-,0.4200,0.0000,18,-,0.4250,0.7140
test,ENSG00000196378,ENSMMUG00000014308,chr8,-,0.5770,0.0000,8,-,0.5730,0.0680
train,ENSG00000166573,ENSMMUG00000053003,chr18,+,0.5480,0.0000,18,-,0.7180,0.0690
train,ENSG00000252255,ENSMMUG00000064029,chr11,+,0.4360,0.0000,14,+,0.4330,0.9120
train,ENSG00000207051,ENSMMUG00000026639,chr13,+,0.4250,0.0000,17,+,0.4080,0.3110
train,ENSG00000012983,ENSMMUG00000020550,chr14,-,0.4230,0.0000,7,-,0.5580,0.1330
test,ENSG00000176919,ENSMMUG00000032142,chr9,+,0.7320,0.0000,15,-,0.7210,0.1360
train,ENSG00000197894,ENSMMUG00000003552,chr4,-,0.5190,0.0000,5,-,0.5400,0.3360
train,ENSG00000187682,ENSMMUG00000016467,chrX,+,0.6070,0.0000,X,+,0.4560,0.8900
train,ENSG00000171621,ENSMMUG00000002052,chr1,+,0.6290,0.0000,1,-,0.6140,0.0760
test,ENSG00000126882,ENSMMUG00000021278,chr9,-,0.7490,0.0000,15,+,0.7690,0.1740
train,ENSG00000181026,ENSMMUG00000022516,chr15,+,0.5310,0.0000,7,+,0.6100,0.0390
train,ENSG00000200903,ENSMMUG00000025282,chr17,-,0.4970,0.0000,16,+,0.4680,0.7330
train,ENSG00000135624,ENSMMUG00000012448,chr2,+,0.6010,0.0000,13,-,0.6230,0.2180
train,ENSG00000009335,ENSMMUG00000008733,chr7,+,0.5470,0.0000,3,+,0.5420,0.5710
train,ENSG00000005700,ENSMMUG00000010749,chr6,-,0.5380,0.0000,4,+,0.5450,0.1380
train,ENSG00000147118,ENSMMUG00000001258,chrX,-,0.5400,0.0000,X,-,0.4890,0.1140
train,ENSG00000135604,ENSMMUG00000019443,chr6,+,0.6320,0.0000,4,+,0.3790,0.7770
train,ENSG00000222011,ENSMMUG00000037761,chr7,+,0.4540,0.0000,3,+,0.5040,0.1440
train,ENSG00000178950,ENSMMUG00000016919,chr4,-,0.5630,0.0000,5,-,0.5830,0.1070
train,ENSG00000133958,ENSMMUG00000012388,chr14,+,0.7360,0.0000,7,+,0.3320,0.4140
test,ENSG00000179632,ENSMMUG00000007155,chr8,+,0.7100,0.0000,8,+,0.6280,0.2460
train,ENSG00000078687,ENSMMUG00000011924,chr17,+,0.6880,0.0000,16,+,0.3220,0.1470
train,ENSG00000140836,ENSMMUG00000021041,chr16,-,0.3790,0.0000,20,+,0.4620,0.3080
train,ENSG00000199791,ENSMMUG00000028042,chr2,+,0.3780,0.0000,12,+,0.3750,0.6050
train,ENSG00000111540,ENSMMUG00000031853,chr12,+,0.4910,0.0000,11,+,0.5140,0.1130
train,ENSG00000101546,ENSMMUG00000014855,chr18,+,0.7200,0.0000,18,-,0.7270,0.4950
train,ENSG00000213918,ENSMMUG00000021866,chr16,+,0.6220,0.0000,20,+,0.6190,0.2160
train,ENSG00000122550,ENSMMUG00000001562,chr7,+,0.4610,0.0000,3,-,0.4690,0.3260
train,ENSG00000172594,ENSMMUG00000054098,chr6,+,0.4120,0.0000,4,+,0.4710,0.2750
train,ENSG00000102978,ENSMMUG00000020474,chr16,+,0.4400,0.0000,20,+,0.5070,0.0440
train,ENSG00000162636,ENSMMUG00000009429,chr1,+,0.4850,0.0000,1,-,0.6120,0.1720
train,ENSG00000140470,ENSMMUG00000021160,chr15,-,0.5420,0.0000,7,-,0.5490,0.2730
test,ENSG00000107282,ENSMMUG00000011401,chr9,-,0.6990,0.0000,15,-,0.6740,0.1730
train,ENSG00000173113,ENSMMUG00000019647,chr11,-,0.6370,0.0000,14,+,0.5190,0.4510
train,ENSG00000112053,ENSMMUG00000008442,chr6,-,0.4320,0.0000,4,+,0.4280,0.6310
train,ENSG00000177370,ENSMMUG00000008129,chr17,+,0.5590,0.0000,16,+,0.5630,0.4350
train,ENSG00000183520,ENSMMUG00000020834,chr1,+,0.4980,0.0000,1,-,0.5560,0.6190
train,ENSG00000202438,ENSMMUG00000059338,chr6,-,0.3880,0.0000,4,-,0.3740,0.6760
train,ENSG00000115295,ENSMMUG00000010259,chr2,+,0.4550,0.0000,13,-,0.5920,0.1810
train,ENSG00000200486,ENSMMUG00000051935,chr15,+,0.6100,0.0000,7,-,0.6000,0.0000
val,ENSG00000180817,ENSMMUG00000006397,chr10,-,0.4190,0.0000,9,+,0.5340,0.2120
train,ENSG00000118420,ENSMMUG00000015780,chr6,-,0.4820,0.0000,4,+,0.3690,0.4730
train,ENSG00000003147,ENSMMUG00000005435,chr7,-,0.3520,0.0000,3,+,0.3890,0.2030
train,ENSG00000204657,ENSMMUG00000021482,chr6,+,0.4120,0.0000,4,-,0.4270,0.1870
train,ENSG00000089289,ENSMMUG00000054817,chrX,+,0.4140,0.0000,X,+,0.4500,0.1920
train,ENSG00000099795,ENSMMUG00000050251,chr19,-,0.4590,0.0000,19,-,0.5080,0.6620
train,ENSG00000252860,ENSMMUG00000035331,chr1,+,0.4240,0.0000,1,+,0.4150,0.4270
train,ENSG00000222870,ENSMMUG00000036266,chr7,+,0.3200,0.0000,3,-,0.3850,0.9800
train,ENSG00000087448,ENSMMUG00000021742,chr12,+,0.5850,0.0000,11,+,0.6470,0.0580
test,ENSG00000156795,ENSMMUG00000028923,chr8,+,0.5810,0.0000,8,+,0.5710,0.1750
train,ENSG00000105298,ENSMMUG00000028931,chr19,-,0.5850,0.0000,19,-,0.5920,0.1300
train,ENSG00000111058,ENSMMUG00000013800,chr12,+,0.3650,0.0000,11,+,0.4880,0.0940
train,ENSG00000115694,ENSMMUG00000001314,chr2,-,0.4960,0.0000,12,-,0.6970,0.4050
train,ENSG00000200556,ENSMMUG00000033017,chr16,+,0.5740,0.0000,20,+,0.5670,0.2620
train,ENSG00000111670,ENSMMUG00000012562,chr12,-,0.4530,0.0000,11,-,0.4670,0.3190
train,ENSG00000081277,ENSMMUG00000013506,chr1,+,0.5040,0.0000,1,+,0.4850,0.2830
train,ENSG00000196329,ENSMMUG00000049295,chr7,+,0.4280,0.0000,3,+,0.4920,0.1620
train,ENSG00000007933,ENSMMUG00000007952,chr1,+,0.3690,0.0000,1,+,0.3680,0.1950
train,ENSG00000144843,ENSMMUG00000053955,chr3,+,0.3910,0.0000,2,-,0.3730,0.6660
train,ENSG00000163328,ENSMMUG00000021012,chr2,-,0.5420,0.0000,12,-,0.5500,0.4790
train,ENSG00000137409,ENSMMUG00000021976,chr6,-,0.5690,0.0000,4,+,0.6070,0.1090
train,ENSG00000116922,ENSMMUG00000044826,chr1,-,0.6130,0.0000,1,+,0.6000,0.1340
train,ENSG00000138698,ENSMMUG00000022417,chr4,+,0.6890,0.0000,5,+,0.6950,0.0950
train,ENSG00000214530,ENSMMUG00000039301,chr11,-,0.4740,0.0000,14,-,0.5600,0.2990
train,ENSG00000118898,ENSMMUG00000017822,chr16,-,0.4910,0.0000,20,-,0.5930,0.2800
train,ENSG00000134900,ENSMMUG00000007247,chr13,+,0.5460,0.0000,17,+,0.5680,0.0610
train,ENSG00000150893,ENSMMUG00000002702,chr13,+,0.5230,0.0000,17,+,0.4210,0.0070
train,ENSG00000206833,ENSMMUG00000060501,chr16,-,0.4860,0.0000,20,-,0.4900,0.3700
train,ENSG00000149243,ENSMMUG00000063403,chr11,-,0.5730,0.0000,14,-,0.5710,0.5390
train,ENSG00000129757,ENSMMUG00000037980,chr11,-,0.7340,0.0000,14,-,0.6880,0.1700
train,ENSG00000207147,ENSMMUG00000024041,chr21,+,0.4490,0.0000,3,-,0.4500,0.2770
train,ENSG00000206827,ENSMMUG00000062609,chr18,+,0.3070,0.0000,18,-,0.2950,0.0470
train,ENSG00000252756,ENSMMUG00000045126,chr2,-,0.3020,0.0000,13,+,0.3030,0.2760
train,ENSG00000209702,ENSMMUG00000032946,chr19,-,0.5200,0.0000,19,-,0.5450,0.5510
train,ENSG00000065485,ENSMMUG00000007696,chr3,+,0.4700,0.0000,2,-,0.4730,0.7160
train,ENSG00000139053,ENSMMUG00000050529,chr12,+,0.3940,0.0000,11,+,0.3340,0.1020
test,ENSG00000095370,ENSMMUG00000016432,chr9,-,0.6140,0.0000,15,+,0.5460,0.7530
train,ENSG00000144224,ENSMMUG00000012248,chr2,+,0.4370,0.0000,12,+,0.4580,0.0000
train,ENSG00000100241,ENSMMUG00000009082,chr22,-,0.6300,0.0000,10,+,0.6180,0.2970
val,ENSG00000107833,ENSMMUG00000015774,chr10,-,0.4800,0.0000,9,-,0.5010,0.0730
train,ENSG00000147231,ENSMMUG00000014606,chrX,+,0.4340,0.0000,X,+,0.4220,0.1950
train,ENSG00000173320,ENSMMUG00000004898,chr4,+,0.6070,0.0000,5,+,0.6380,0.0150
train,ENSG00000197496,ENSMMUG00000016927,chr20,+,0.5910,0.0000,10,+,0.5560,0.4230
train,ENSG00000189182,ENSMMUG00000045353,chr12,-,0.3990,0.0000,11,-,0.4170,0.1820
train,ENSG00000182087,ENSMMUG00000013577,chr19,-,0.5240,0.0000,19,-,0.5710,0.3490
train,ENSG00000003393,ENSMMUG00000018155,chr2,-,0.4420,0.0000,12,-,0.5340,0.0000
train,ENSG00000063660,ENSMMUG00000056083,chr2,+,0.7350,0.0000,12,+,0.6540,0.1120
train,ENSG00000006747,ENSMMUG00000000880,chr7,+,0.4450,0.0000,3,-,0.4720,0.0260
train,ENSG00000077235,ENSMMUG00000008254,chr16,-,0.5640,0.0000,20,-,0.5680,0.2200
train,ENSG00000153560,ENSMMUG00000016917,chr3,-,0.4380,0.0000,2,+,0.5820,0.0900
test,ENSG00000252764,ENSMMUG00000034608,chr8,+,0.5080,0.0000,8,+,0.4850,0.8630
train,ENSG00000149050,ENSMMUG00000009267,chr11,-,0.5110,0.0000,14,+,0.5920,0.0070
train,ENSG00000152484,ENSMMUG00000021425,chr13,-,0.6080,0.0000,17,-,0.6300,0.3130
train,ENSG00000171885,ENSMMUG00000014934,chr18,-,0.3580,0.0000,18,+,0.3740,0.1800
train,ENSG00000010319,ENSMMUG00000018872,chr3,-,0.6130,0.0000,2,-,0.6160,0.0110
train,ENSG00000238447,ENSMMUG00000037133,chr17,-,0.4430,0.0000,16,+,0.4300,0.3000
train,ENSG00000125166,ENSMMUG00000006000,chr16,-,0.4910,0.0000,20,-,0.5410,0.6320
train,ENSG00000115239,ENSMMUG00000010634,chr2,-,0.3860,0.0000,13,+,0.4520,0.0810
train,ENSG00000182885,ENSMMUG00000015690,chr16,+,0.6150,0.0000,20,+,0.6140,0.1720
train,ENSG00000173250,ENSMMUG00000023287,chr5,-,0.4150,0.0000,6,-,0.4050,0.1170
val,ENSG00000176273,ENSMMUG00000045531,chr10,+,0.4750,0.0000,9,+,0.4970,0.0690
train,ENSG00000167889,ENSMMUG00000016300,chr17,+,0.6200,0.0000,16,+,0.6920,0.1860
train,ENSG00000213928,ENSMMUG00000040817,chr14,+,0.5810,0.0000,7,+,0.5860,0.0000
train,ENSG00000207759,ENSMMUG00000026915,chr1,-,0.2950,0.0000,1,-,0.2950,0.0410
train,ENSG00000144468,ENSMMUG00000000722,chr2,+,0.4750,0.0000,12,+,0.5760,0.1770
train,ENSG00000122386,ENSMMUG00000009487,chr16,+,0.5240,0.0000,20,+,0.5400,0.0070
train,ENSG00000188522,ENSMMUG00000045660,chr17,-,0.6450,0.0000,16,-,0.7050,0.2090
train,ENSG00000151093,ENSMMUG00000014798,chr3,+,0.4070,0.0000,2,-,0.4060,0.0000
train,ENSG00000109265,ENSMMUG00000016358,chr4,+,0.5080,0.0000,5,-,0.3920,0.2660
train,ENSG00000198663,ENSMMUG00000005004,chr6,+,0.4060,0.0000,4,-,0.4350,0.7760
train,ENSG00000165480,ENSMMUG00000016560,chr13,-,0.5810,0.0000,17,+,0.5790,0.0000
train,ENSG00000183092,ENSMMUG00000013874,chr14,-,0.6390,0.0000,7,-,0.6580,0.4500
train,ENSG00000159173,ENSMMUG00000046222,chr1,-,0.5550,0.0000,1,-,0.5490,0.1220
train,ENSG00000255690,ENSMMUG00000020183,chr7,-,0.5940,0.0000,3,+,0.5880,0.0040
train,ENSG00000136161,ENSMMUG00000017688,chr13,-,0.4660,0.0000,17,-,0.5110,0.1190
train,ENSG00000129933,ENSMMUG00000008931,chr19,+,0.5950,0.0000,19,+,0.5850,0.1550
train,ENSG00000143320,ENSMMUG00000002295,chr1,-,0.6550,0.0000,1,+,0.6510,0.0000
train,ENSG00000136244,ENSMMUG00000019983,chr7,+,0.4300,0.0000,3,-,0.4970,0.2130
train,ENSG00000141646,ENSMMUG00000018334,chr18,+,0.4320,0.0000,18,-,0.3600,0.4240
train,ENSG00000125733,ENSMMUG00000008697,chr19,+,0.6300,0.0000,19,+,0.6170,0.0920
train,ENSG00000278505,ENSMMUG00000030090,chr17,+,0.4570,0.0000,16,-,0.4470,0.5620
train,ENSG00000262406,ENSMMUG00000004250,chr11,-,0.3750,0.0000,14,-,0.3660,0.1430
test,ENSG00000136848,ENSMMUG00000004639,chr9,+,0.5870,0.0000,15,-,0.5530,0.7310
train,ENSG00000221245,ENSMMUG00000033737,chr4,+,0.3320,0.0000,5,+,0.3300,0.5470
train,ENSG00000139211,ENSMMUG00000012458,chr12,-,0.6110,0.0000,11,-,0.6090,0.0610
train,ENSG00000175294,ENSMMUG00000057179,chr11,-,0.4980,0.0000,14,+,0.5040,0.7220
train,ENSG00000109756,ENSMMUG00000010581,chr4,+,0.6080,0.0000,5,+,0.7830,0.4140
train,ENSG00000106006,ENSMMUG00000061724,chr7,-,0.6100,0.0000,3,+,0.6080,0.0440
train,ENSG00000186090,ENSMMUG00000040299,chr3,+,0.4540,0.0000,2,+,0.4460,0.3310
train,ENSG00000085274,ENSMMUG00000021875,chr3,+,0.5420,0.0000,2,+,0.5260,0.0180
train,ENSG00000180245,ENSMMUG00000021223,chr4,+,0.3280,0.0000,5,+,0.3310,0.0220
train,ENSG00000105509,ENSMMUG00000013050,chr19,-,0.5990,0.0000,19,-,0.5310,0.1220
train,ENSG00000117450,ENSMMUG00000006221,chr1,-,0.4070,0.0000,1,+,0.4930,0.5550
test,ENSG00000155158,ENSMMUG00000013466,chr9,-,0.4890,0.0000,15,+,0.3990,0.3310
test,ENSG00000199331,ENSMMUG00000060448,chr9,-,0.3910,0.0000,15,+,0.3840,0.6280
train,ENSG00000196209,ENSMMUG00000015993,chr20,-,0.4550,0.0000,10,+,0.4800,0.5940
test,ENSG00000012232,ENSMMUG00000017700,chr8,+,0.4670,0.0000,8,+,0.5410,0.1140
train,ENSG00000153395,ENSMMUG00000005199,chr5,-,0.6550,0.0000,6,-,0.6500,0.1360
train,ENSG00000196943,ENSMMUG00000010049,chr14,+,0.6030,0.0000,7,+,0.6170,0.0250
train,ENSG00000202423,ENSMMUG00000049985,chr2,+,0.2970,0.0000,13,-,0.2960,0.2640
train,ENSG00000103742,ENSMMUG00000021788,chr15,-,0.6260,0.0000,7,-,0.6660,0.4830
train,ENSG00000186431,ENSMMUG00000008531,chr19,+,0.3890,0.0000,19,+,0.3980,0.5400
train,ENSG00000133138,ENSMMUG00000021413,chrX,+,0.4150,0.0000,X,+,0.4100,0.1640
train,ENSG00000129673,ENSMMUG00000018970,chr17,+,0.7390,0.0000,16,+,0.5250,0.4720
train,ENSG00000201642,ENSMMUG00000024598,chr3,+,0.3150,0.0000,2,-,0.3110,0.3010
train,ENSG00000090432,ENSMMUG00000051774,chr1,-,0.4910,0.0000,1,+,0.4790,0.3870
train,ENSG00000188042,ENSMMUG00000011516,chr2,-,0.7350,0.0000,12,-,0.7960,0.3560
train,ENSG00000127249,ENSMMUG00000009764,chr3,-,0.5620,0.0000,2,+,0.4040,0.1140
train,ENSG00000090097,ENSMMUG00000022205,chr3,-,0.6140,0.0000,2,-,0.5800,0.0060
train,ENSG00000207962,ENSMMUG00000026870,chr1,+,0.4410,0.0000,1,-,0.4420,0.2070
train,ENSG00000128513,ENSMMUG00000020587,chr7,-,0.4250,0.0000,3,-,0.4250,0.4640
train,ENSG00000149021,ENSMMUG00000031123,chr11,+,0.5090,0.0000,14,-,0.5510,0.3180
train,ENSG00000048540,ENSMMUG00000040307,chr12,-,0.4160,0.0000,11,-,0.4150,0.1440
train,ENSG00000145107,ENSMMUG00000017310,chr3,-,0.5040,0.0000,2,-,0.5240,0.5980
train,ENSG00000130520,ENSMMUG00000004405,chr19,-,0.5070,0.0000,19,-,0.5270,0.4860
train,ENSG00000164237,ENSMMUG00000020113,chr5,-,0.4930,0.0000,6,-,0.5160,0.8090
train,ENSG00000184788,ENSMMUG00000004336,chrX,-,0.6230,0.0000,X,-,0.4960,0.2590
train,ENSG00000207785,ENSMMUG00000054222,chrX,+,0.4160,0.0000,X,+,0.4210,0.4010
train,ENSG00000102886,ENSMMUG00000029164,chr16,-,0.6250,0.0000,20,+,0.6150,0.0000
train,ENSG00000239542,ENSMMUG00000043865,chr17,-,0.5170,0.0000,16,-,0.4760,0.5690
train,ENSG00000119614,ENSMMUG00000029272,chr14,+,0.5400,0.0000,7,+,0.5670,0.2490
test,ENSG00000106992,ENSMMUG00000060702,chr9,-,0.6000,0.0000,15,+,0.5860,0.2880
test,ENSG00000064218,ENSMMUG00000044083,chr9,+,0.5780,0.0000,15,-,0.4510,0.1240
train,ENSG00000179242,ENSMMUG00000012314,chr20,+,0.5880,0.0000,10,+,0.6650,0.2870
train,ENSG00000207233,ENSMMUG00000023878,chr18,-,0.3810,0.0000,18,+,0.3690,0.2750
train,ENSG00000109906,ENSMMUG00000007085,chr11,+,0.5890,0.0000,14,+,0.6080,0.1680
train,ENSG00000149480,ENSMMUG00000018110,chr11,-,0.6790,0.0000,14,+,0.6740,0.0080
train,ENSG00000203908,ENSMMUG00000010084,chr6,+,0.4980,0.0000,4,-,0.4370,0.7150
train,ENSG00000201613,ENSMMUG00000057826,chr6,-,0.3140,0.0000,4,-,0.3050,0.0180
train,ENSG00000206889,ENSMMUG00000050870,chr3,+,0.3440,0.0000,2,-,0.3420,0.2680
train,ENSG00000105662,ENSMMUG00000006509,chr19,+,0.5940,0.0000,19,+,0.5870,0.6850
train,ENSG00000168016,ENSMMUG00000006816,chr3,-,0.5730,0.0000,2,-,0.5670,0.0000
train,ENSG00000244692,ENSMMUG00000041324,chr3,-,0.3410,0.0000,2,-,0.3430,0.0210
train,ENSG00000116031,ENSMMUG00000020855,chr2,-,0.4570,0.0000,13,+,0.4510,0.4960
train,ENSG00000128573,ENSMMUG00000008005,chr7,+,0.5920,0.0000,3,+,0.3190,0.2500
train,ENSG00000113163,ENSMMUG00000006141,chr5,-,0.4140,0.0000,6,-,0.4590,0.0000
train,ENSG00000174175,ENSMMUG00000013044,chr1,-,0.3820,0.0000,1,-,0.3940,0.5020
train,ENSG00000188517,ENSMMUG00000017703,chr4,-,0.5430,0.0000,5,-,0.6240,0.1040
val,ENSG00000152779,ENSMMUG00000017535,chr10,-,0.4000,0.0000,9,-,0.3450,0.5530
val,ENSG00000286135,ENSMMUG00000052634,chr10,+,0.4880,0.0000,9,+,0.5010,0.4390
train,ENSG00000173230,ENSMMUG00000013546,chr3,-,0.4550,0.0000,2,+,0.3280,0.5290
train,ENSG00000011201,ENSMMUG00000018191,chrX,-,0.5950,0.0000,X,-,0.5650,0.0790
train,ENSG00000105697,ENSMMUG00000011288,chr19,+,0.5670,0.0000,19,+,0.5440,0.3040
train,ENSG00000129595,ENSMMUG00000012192,chr5,-,0.7130,0.0000,6,-,0.7120,0.0930
train,ENSG00000110108,ENSMMUG00000014531,chr11,+,0.5140,0.0000,14,-,0.4960,0.5050
train,ENSG00000228727,ENSMMUG00000045974,chr6,+,0.5010,0.0000,4,-,0.4960,0.0000
train,ENSG00000132432,ENSMMUG00000060184,chr7,-,0.4080,0.0000,3,+,0.5030,0.2360
train,ENSG00000117148,ENSMMUG00000010852,chr1,+,0.4410,0.0000,1,-,0.4820,0.6160
train,ENSG00000211801,ENSMMUG00000052490,chr14,+,0.3540,0.0000,7,+,0.3920,0.1670
train,ENSG00000165474,ENSMMUG00000010522,chr13,-,0.6390,0.0000,17,+,0.6920,0.1880
train,ENSG00000160188,ENSMMUG00000018084,chr21,-,0.6410,0.0000,3,+,0.4110,0.2930
train,ENSG00000162441,ENSMMUG00000013292,chr1,-,0.5200,0.0000,1,+,0.5190,0.4070
train,ENSG00000137936,ENSMMUG00000015924,chr1,-,0.6410,0.0000,1,+,0.4900,0.4270
train,ENSG00000179603,ENSMMUG00000015240,chr7,-,0.6530,0.0000,3,-,0.3580,0.0660
train,ENSG00000132911,ENSMMUG00000013880,chr5,-,0.3610,0.0000,6,-,0.4480,0.2150
train,ENSG00000008130,ENSMMUG00000010879,chr1,-,0.5830,0.0000,1,+,0.5430,0.0550
train,ENSG00000154640,ENSMMUG00000002116,chr21,-,0.5630,0.0000,3,+,0.6020,0.0000
train,ENSG00000208772,ENSMMUG00000033951,chr2,+,0.4000,0.0000,13,-,0.4130,0.0330
train,ENSG00000186335,ENSMMUG00000005567,chr5,-,0.4410,0.0000,6,-,0.4540,0.1680
val,ENSG00000196865,ENSMMUG00000016646,chr10,+,0.5090,0.0000,9,+,0.5290,0.0580
train,ENSG00000108352,ENSMMUG00000015160,chr17,+,0.5200,0.0000,16,+,0.5550,0.0670
train,ENSG00000171357,ENSMMUG00000063599,chr1,+,0.5310,0.0000,1,-,0.5070,0.5470
train,ENSG00000200963,ENSMMUG00000054275,chr4,+,0.3950,0.0000,5,+,0.4010,1.0000
train,ENSG00000101190,ENSMMUG00000008229,chr20,-,0.6310,0.0000,10,-,0.6000,0.5810
train,ENSG00000108244,ENSMMUG00000001505,chr17,-,0.4640,0.0000,16,-,0.4930,0.0640
train,ENSG00000093167,ENSMMUG00000022539,chr3,-,0.3870,0.0000,2,-,0.5690,0.2490
train,ENSG00000162641,ENSMMUG00000010159,chr1,-,0.4730,0.0000,1,+,0.4720,0.7060
train,ENSG00000168924,ENSMMUG00000019948,chr4,-,0.7240,0.0000,5,-,0.6940,0.1180
train,ENSG00000276366,ENSMMUG00000032902,chr2,+,0.5440,0.0000,12,+,0.5560,0.3040
test,ENSG00000137077,ENSMMUG00000063081,chr9,-,0.4470,0.0000,15,+,0.4690,0.5900
train,ENSG00000109084,ENSMMUG00000054461,chr17,+,0.6140,0.0000,16,+,0.6400,0.0000
test,ENSG00000107165,ENSMMUG00000062815,chr9,+,0.4060,0.0000,15,-,0.3780,0.0070
train,ENSG00000207295,ENSMMUG00000023943,chr2,-,0.4060,0.0000,13,+,0.4180,0.9960
train,ENSG00000109101,ENSMMUG00000021975,chr17,+,0.6130,0.0000,16,+,0.5800,0.4100
test,ENSG00000172172,ENSMMUG00000002599,chr8,-,0.4140,0.0000,8,-,0.4440,0.1700
train,ENSG00000154856,ENSMMUG00000056891,chr18,+,0.6610,0.0000,18,+,0.7340,0.4570
train,ENSG00000115368,ENSMMUG00000011080,chr2,+,0.4480,0.0000,12,+,0.4670,0.0660
train,ENSG00000173085,ENSMMUG00000013340,chr4,-,0.3900,0.0000,5,+,0.3990,0.4630
train,ENSG00000058729,ENSMMUG00000000307,chr5,-,0.4600,0.0000,6,-,0.4610,0.0000
val,ENSG00000166033,ENSMMUG00000056637,chr10,+,0.4900,0.0000,9,+,0.6600,0.1170
train,ENSG00000239007,ENSMMUG00000037336,chr1,-,0.5520,0.0000,1,+,0.5370,0.0000
train,ENSG00000212134,ENSMMUG00000032769,chr20,+,0.4170,0.0000,10,+,0.4340,0.2950
train,ENSG00000180772,ENSMMUG00000055906,chrX,+,0.3670,0.0000,X,+,0.2880,0.0150
train,ENSG00000240021,ENSMMUG00000054486,chr1,+,0.5370,0.0000,1,+,0.5320,0.0000
train,ENSG00000166963,ENSMMUG00000007255,chr15,+,0.5610,0.0000,7,+,0.5460,0.0000
train,ENSG00000184584,ENSMMUG00000012048,chr5,-,0.4640,0.0000,6,-,0.4620,0.5570
train,ENSG00000100580,ENSMMUG00000056541,chr14,-,0.5360,0.0000,7,-,0.5180,0.0760
train,ENSG00000196187,ENSMMUG00000005785,chr1,-,0.6800,0.0000,1,-,0.6570,0.1070
train,ENSG00000196388,ENSMMUG00000009175,chr17,-,0.7430,0.0000,16,-,0.7320,0.2350
train,ENSG00000178403,ENSMMUG00000014078,chr4,-,0.5970,0.0000,5,-,0.6150,0.1730
train,ENSG00000198932,ENSMMUG00000046251,chrX,+,0.5230,0.0000,X,+,0.5930,0.0000
train,ENSG00000139842,ENSMMUG00000019297,chr13,+,0.3940,0.0000,17,+,0.7430,0.2590
train,ENSG00000059804,ENSMMUG00000046124,chr12,-,0.4840,0.0000,11,+,0.4170,0.1850
train,ENSG00000116745,ENSMMUG00000002752,chr1,-,0.3880,0.0000,1,+,0.3740,0.1070
train,ENSG00000100665,ENSMMUG00000061882,chr14,+,0.5540,0.0000,7,+,0.4800,0.4970
train,ENSG00000168090,ENSMMUG00000013440,chr7,+,0.5540,0.0000,3,+,0.4990,0.8790
val,ENSG00000227268,ENSMMUG00000055507,chr10,-,0.6850,0.0000,9,-,0.7060,0.2170
train,ENSG00000168002,ENSMMUG00000014368,chr11,+,0.4930,0.0000,14,-,0.4870,0.7850
test,ENSG00000243845,ENSMMUG00000044550,chr9,-,0.4480,0.0000,15,+,0.4420,0.2040
train,ENSG00000241224,ENSMMUG00000059089,chr3,+,0.4610,0.0000,2,-,0.3840,0.6730
test,ENSG00000104722,ENSMMUG00000000639,chr8,+,0.5980,0.0000,8,+,0.6020,0.1990
train,ENSG00000146223,ENSMMUG00000021313,chr6,+,0.5040,0.0000,4,-,0.4870,0.4150
train,ENSG00000138772,ENSMMUG00000022218,chr4,+,0.4590,0.0000,5,-,0.4490,0.4870
train,ENSG00000059145,ENSMMUG00000012440,chr16,-,0.5940,0.0000,20,-,0.5190,1.0000
train,ENSG00000064655,ENSMMUG00000010769,chr20,+,0.4730,0.0000,10,+,0.4750,0.5420
train,ENSG00000086589,ENSMMUG00000020683,chr5,-,0.4010,0.0000,6,-,0.3820,0.5240
train,ENSG00000130829,ENSMMUG00000056988,chrX,+,0.6520,0.0000,X,+,0.6450,0.2510
train,ENSG00000196407,ENSMMUG00000014361,chr1,-,0.5100,0.0000,1,+,0.4940,0.3470
